area,bhk_count,rera_approval,status,flat_type,Actual Price,Predicted Price,Residual
1531,4,1,under construction,apartment,15300000,22134992.43,-6834992.433
1785,3,0,ready to move,apartment,12200000,15320836.73,-3120836.732
1920,3,0,ready to move,apartment,11500000,13428794.65,-1928794.645
2150,3,1,under construction,apartment,14200000,42787832.5,-28587832.5
2404,3,0,ready to move,apartment,25900000,31369293.84,-5469293.837
2180,4,1,under construction,apartment,15700000,15741796.03,-41796.03175
1500,2,0,ready to move,apartment,11700000,8701413.065,2998586.935
2000,3,0,ready to move,apartment,22000000,22404956.4,-404956.4023
2206,3,1,under construction,apartment,37800000,35155590.35,2644409.654
2090,3,1,under construction,apartment,29200000,30707235.73,-1507235.73
1494,2,0,ready to move,apartment,13100000,14136179.6,-1036179.603
1432,3,1,under construction,apartment,27800000,23362244.33,4437755.667
1435,2,0,ready to move,apartment,22900000,17140982.5,5759017.496
1080,0,1,new,plot,9839000,11018275.44,-1179275.444
1368,2,1,under construction,apartment,9912000,9273972.33,638027.67
7452,5,1,under construction,apartment,138300000,136527342.3,1772657.692
4243,4,0,ready to move,apartment,72100000,59309075,12790925
571,2,1,under construction,apartment,2316000,2327224.881,-11224.88095
4500,4,0,ready to move,floor,28000000,46225652.44,-18225652.44
1347,3,1,under construction,apartment,22200000,22200000,0
7673,4,0,ready to move,apartment,168800000,220441666.7,-51641666.67
2000,3,0,ready to move,plot,26000000,13418230.09,12581769.91
3000,3,1,under construction,apartment,55500000,47683857.14,7816142.857
2422,3,0,ready to move,apartment,21600000,29433832.94,-7833832.937
1700,3,0,ready to move,plot,19500000,16400613.76,3099386.239
2090,4,0,ready to move,apartment,26100000,14410000,11690000
3230,4,1,under construction,apartment,72600000,72465571.43,134428.5714
1597,4,0,ready to move,apartment,13500000,23139000,-9639000
2325,4,0,ready to move,apartment,13600000,15948900,-2348900
3532,4,0,ready to move,apartment,134100000,133729000,371000
4500,0,0,new,plot,64700000,44581150.45,20118849.55
1377,2,1,under construction,apartment,18300000,16125572.38,2174427.619
2015,3,1,under construction,apartment,23500000,36472130.47,-12972130.47
1490,3,0,ready to move,apartment,14200000,10934801.33,3265198.667
945,0,0,new,plot,7874000,7280494.762,593505.2381
1197,2,1,under construction,apartment,7659000,7659130,-130
1700,3,0,ready to move,apartment,22400000,23652373,-1252372.997
4000,4,0,ready to move,apartment,62000000,76460848.45,-14460848.45
2567,3,1,under construction,apartment,27200000,30779616.67,-3579616.667
2004,3,0,ready to move,apartment,44300000,36138787.66,8161212.338
1960,3,0,ready to move,apartment,17100000,20020771.25,-2920771.248
3104,4,0,ready to move,apartment,88500000,56421037.18,32078962.82
1264,2,1,under construction,apartment,8088000,7883524.98,204475.0202
1044,2,0,ready to move,apartment,21000000,17174230.36,3825769.64
3469,3,0,ready to move,apartment,62000000,57855978.07,4144021.934
5521,5,0,ready to move,floor,146100000,123511000,22589000
3150,4,0,ready to move,apartment,39900000,44803758.91,-4903758.91
1865,3,0,ready to move,apartment,18000000,14991263.1,3008736.905
2700,3,1,under construction,apartment,72500000,50188985.23,22311014.77
3800,3,0,ready to move,apartment,19500000,54120037.5,-34620037.5
1550,2,0,ready to move,apartment,19500000,14165815.83,5334184.172
900,0,0,new,plot,4400000,2485890.348,1914109.652
1900,3,0,ready to move,apartment,17100000,21929715.81,-4829715.811
3240,3,0,ready to move,plot,8500000,37801259.02,-29301259.02
1665,3,1,under construction,apartment,35400000,90715991.45,-55315991.45
3505,4,1,under construction,apartment,67400000,67258507.51,141492.4919
2250,3,1,under construction,apartment,45000000,36914399.1,8085600.904
3577,4,1,under construction,apartment,64300000,64300000,0
1080,0,1,resale,plot,8500000,9320156.667,-820156.6667
3250,4,0,ready to move,apartment,61500000,44685814.49,16814185.51
1593,3,1,under construction,apartment,19000000,19652693.83,-652693.8312
1075,2,1,under construction,apartment,8899000,11083369.58,-2184369.579
1983,3,0,ready to move,apartment,49500000,35825138.97,13674861.03
1430,3,0,ready to move,apartment,30000000,13622041.67,16377958.33
1400,2,0,ready to move,apartment,6500000,20094888.96,-13594888.96
4530,5,0,ready to move,apartment,129200000,109678285.7,19521714.29
981,2,1,under construction,apartment,12700000,9971850.279,2728149.721
1642,3,1,under construction,apartment,14900000,19309841.53,-4409841.532
2217,3,1,under construction,apartment,28500000,25195000,3305000
3039,4,1,under construction,apartment,57700000,57518678.35,181321.6499
1535,3,1,under construction,apartment,21400000,16699356.75,4700643.254
2450,3,0,ready to move,apartment,39000000,37054169.84,1945830.165
3045,4,0,ready to move,apartment,24500000,28620849.68,-4120849.675
3610,4,1,under construction,apartment,52500000,52671833.33,-171833.3333
968,3,1,under construction,apartment,33600000,33600000,0
3240,1,0,resale,plot,43200000,58408893.61,-15208893.61
3090,3,0,ready to move,apartment,57100000,57136865.87,-36865.87302
2000,3,0,ready to move,plot,14500000,13418230.09,1081769.909
2250,3,0,ready to move,apartment,25000000,23400755.84,1599244.162
4785,4,0,ready to move,apartment,105200000,86008380.95,19191619.05
646,3,1,under construction,apartment,2638000,2602174.54,35825.45982
2382,3,0,ready to move,apartment,38100000,30595698.97,7504301.032
1669,2,1,under construction,apartment,22000000,19247000,2753000
2300,4,0,ready to move,apartment,35000000,29518718.89,5481281.111
900,2,0,under construction,plot,4800000,4328654.632,471345.368
2700,4,0,ready to move,plot,22500000,29281084.39,-6781084.394
3415,4,1,under construction,apartment,76800000,76800000,0
2595,3,0,ready to move,apartment,25400000,51387915.95,-25987915.95
3695,4,1,under construction,apartment,60900000,67775328.72,-6875328.723
1750,2,1,under construction,apartment,35000000,33141383.94,1858616.065
2700,3,1,under construction,apartment,54000000,50188985.23,3811014.768
2407,4,0,ready to move,apartment,31000000,33261104.76,-2261104.762
2355,3,1,under construction,apartment,32900000,32900000,0
8100,5,0,ready to move,apartment,90000000,81658202.27,8341797.727
1800,4,0,ready to move,apartment,9500000,19325300.67,-9825300.673
2125,3,1,under construction,apartment,11000000,28935839.79,-17935839.79
1800,3,0,ready to move,apartment,24500000,19724577.88,4775422.12
1806,3,1,under construction,apartment,36600000,34985139.95,1614860.047
1850,3,0,ready to move,plot,18000000,18431948.73,-431948.7323
2092,3,0,ready to move,apartment,18100000,27701565.11,-9601565.113
1248,2,1,under construction,apartment,7985000,7985000,0
1243,2,0,ready to move,apartment,9944000,10034530,-90530
2298,4,1,under construction,apartment,505500000,234912964.5,270587035.5
2090,3,1,under construction,apartment,30800000,30707235.73,92764.27011
1850,3,1,under construction,apartment,24900000,23468148.52,1431851.482
1900,3,0,ready to move,floor,15000000,18098439.21,-3098439.214
2279,3,0,ready to move,apartment,26200000,41159473.81,-14959473.81
2950,4,0,ready to move,apartment,47700000,38182139.54,9517860.457
1000,3,0,ready to move,plot,3800000,4392898.974,-592898.9738
900,3,0,ready to move,apartment,6000000,5766424.892,233575.1082
1955,3,1,under construction,apartment,33800000,36196728.04,-2396728.041
3355,4,0,ready to move,apartment,63500000,57388666.67,6111333.333
5100,5,0,ready to move,apartment,85000000,51071500,33928500
4518,4,0,ready to move,floor,37500000,51677722.59,-14177722.59
1235,3,1,under construction,apartment,11700000,13455368.18,-1755368.179
1145,2,0,ready to move,apartment,7200000,11659170,-4459170
1528,3,1,under construction,apartment,18300000,17856604.53,443395.4737
746,2,1,under construction,apartment,3760000,4983424.889,-1223424.889
2486,4,1,under construction,apartment,49700000,24553133.33,25146866.67
607,2,1,under construction,apartment,2473000,2467474.286,5525.714286
2549,3,1,under construction,apartment,54200000,44197264.29,10002735.71
1890,3,0,ready to move,apartment,16800000,17161594.59,-361594.5887
2191,4,0,ready to move,apartment,31000000,26621648.55,4378351.454
3844,3,0,ready to move,apartment,84500000,67179922.62,17320077.38
5852,4,0,ready to move,house,101000000,94172833.33,6827166.667
1200,2,0,ready to move,apartment,9000000,7756847.657,1243152.343
1620,1,0,resale,plot,24000000,31310047.62,-7310047.619
1800,3,0,ready to move,apartment,15000000,19724577.88,-4724577.88
1222,2,0,ready to move,apartment,7800000,9327405.333,-1527405.333
1711,3,1,under construction,apartment,21000000,19925678.5,1074321.503
2567,3,1,under construction,apartment,27200000,30779616.67,-3579616.667
750,2,0,ready to move,apartment,2200000,6435751.19,-4235751.19
2054,3,1,under construction,apartment,34900000,34912798.38,-12798.37662
1450,3,0,ready to move,apartment,15500000,13120317.81,2379682.186
1099,3,1,under construction,apartment,29100000,18723213.35,10376786.65
1730,3,1,under construction,apartment,14000000,13962000,38000
2800,4,0,ready to move,floor,21000000,28274852.6,-7274852.601
3313,3,0,ready to move,apartment,119200000,94021151.08,25178848.92
3240,1,0,resale,plot,45000000,58408893.61,-13408893.61
3395,4,0,ready to move,apartment,56000000,75011890.04,-19011890.04
6768,5,0,ready to move,villa,77500000,100104772.2,-22604772.22
3160,4,0,ready to move,apartment,100000000,45908476.19,54091523.81
6096,5,1,under construction,apartment,113100000,109854382,3245617.962
825,2,0,ready to move,apartment,4800000,7615776.667,-2815776.667
2162,4,1,under construction,apartment,15300000,16021773.59,-721773.5931
3400,4,0,ready to move,floor,45000000,39099000,5901000
2945,3,1,under construction,apartment,56500000,56524736.07,-24736.07124
2799,4,1,under construction,floor,34000000,36669050.69,-2669050.693
1120,3,1,under construction,apartment,6500000,11261379.1,-4761379.095
2150,3,1,under construction,apartment,49400000,42787832.5,6612167.501
1640,2,0,ready to move,apartment,19800000,17007501.19,2792498.81
2060,4,1,under construction,apartment,453200000,266217398.8,186982601.2
1328,3,1,under construction,apartment,12500000,14279209.15,-1779209.146
1450,3,1,under construction,apartment,14700000,16306749.93,-1606749.933
2700,4,0,ready to move,plot,25000000,29281084.39,-4281084.394
2435,4,1,under construction,apartment,32500000,35412000,-2912000
450,0,0,new,plot,1020000,944618.7884,75381.21158
900,0,0,resale,plot,16000000,8077157.439,7922842.561
1611,3,1,under construction,floor,19600000,21043853.1,-1443853.096
1435,2,0,ready to move,apartment,22900000,17140982.5,5759017.496
2800,3,0,ready to move,floor,14700000,13338258.96,1361741.041
2060,4,0,ready to move,apartment,29800000,62304122.54,-32504122.54
3150,0,0,new,plot,45300000,39418285.79,5881714.214
2549,3,1,under construction,apartment,35000000,44197264.29,-9197264.286
6147,5,0,ready to move,apartment,233400000,223483466.7,9916533.333
1440,3,0,ready to move,apartment,18700000,17258910.68,1441089.322
1964,2,1,under construction,apartment,39200000,39200000,0
1352,3,1,under construction,apartment,22300000,22418000,-118000
376,1,1,under construction,apartment,1504000,1354830,149170
1530,3,1,under construction,apartment,19800000,15870496.27,3929503.726
810,2,0,ready to move,house,3500000,13000005.3,-9500005.303
1976,3,1,under construction,apartment,39500000,33311934.44,6188065.562
2103,3,0,ready to move,apartment,25000000,24027084.59,972915.4108
2343,3,1,under construction,apartment,23300000,25692939.95,-2392939.949
1968,4,1,under construction,apartment,13000000,25952000,-12952000
1463,2,0,ready to move,apartment,20000000,24257690.55,-4257690.546
745,3,0,ready to move,apartment,5000000,6000673.254,-1000673.254
1158,2,0,ready to move,apartment,8000000,11356076.67,-3356076.667
2320,3,0,ready to move,apartment,25500000,58733000,-33233000
3600,4,0,ready to move,plot,22000000,33595565.73,-11595565.73
356,1,1,under construction,apartment,1453000,1449556.513,3443.487374
2434,4,1,under construction,apartment,41800000,37447000,4353000
1138,2,1,under construction,apartment,13700000,13463262.95,236737.0492
1650,4,0,ready to move,floor,18500000,19186250,-686250
2095,3,0,ready to move,apartment,46000000,36886506.34,9113493.661
2450,3,0,ready to move,apartment,30600000,37054169.84,-6454169.835
1269,2,1,under construction,apartment,7500000,7968857.144,-468857.1443
548,2,1,under construction,apartment,2192000,2928880,-736880
1751,3,1,under construction,apartment,9800000,9977832.37,-177832.3699
1383,2,0,ready to move,apartment,12400000,11405588.74,994411.2567
2300,3,0,ready to move,apartment,54100000,47999036.05,6100963.947
2900,3,0,ready to move,apartment,52200000,58178078.28,-5978078.28
4518,4,0,ready to move,floor,50000000,51677722.59,-1677722.589
2945,3,1,under construction,apartment,56500000,56524736.07,-24736.07124
918,2,0,ready to move,apartment,4865000,4531671.667,333328.3333
3600,4,0,ready to move,floor,45000000,41665880.93,3334119.07
4000,4,0,ready to move,apartment,33000000,76460848.45,-43460848.45
4518,4,0,ready to move,floor,65000000,51677722.59,13322277.41
1800,3,0,under construction,plot,12500000,15194338.67,-2694338.674
2215,3,0,ready to move,apartment,35800000,26756949.21,9043050.788
2925,3,0,ready to move,apartment,25100000,30626682.47,-5526682.468
3518,3,0,ready to move,apartment,84400000,83838000,562000
1955,3,1,under construction,apartment,39100000,36196728.04,2903271.959
4500,4,0,ready to move,apartment,70000000,49694155.89,20305844.11
2138,3,0,ready to move,apartment,25000000,38529027.63,-13529027.63
6900,4,0,ready to move,apartment,63100000,113578976.2,-50478976.19
3532,4,0,ready to move,apartment,134100000,133729000,371000
9000,5,0,ready to move,plot,127000000,196400624.7,-69400624.71
1450,2,0,ready to move,apartment,11600000,19257282.58,-7657282.582
3843,3,0,ready to move,apartment,84500000,77473976.19,7026023.81
1402,3,1,under construction,apartment,29800000,31666738.1,-1866738.095
1893,2,1,under construction,apartment,33000000,30575648.81,2424351.19
1100,3,0,ready to move,plot,4500000,4647449.664,-147449.6642
2200,4,0,ready to move,apartment,24400000,23095275.43,1304724.567
2995,4,0,ready to move,apartment,85300000,70413060.57,14886939.43
2160,3,0,ready to move,floor,13500000,20706361.39,-7206361.389
1381,2,0,ready to move,apartment,30900000,27606964.04,3293035.962
2003,3,0,ready to move,apartment,55700000,26460258.41,29239741.59
3850,3,0,ready to move,apartment,84700000,81773504.55,2926495.455
3956,4,1,under construction,apartment,80100000,80100000,0
3618,4,0,ready to move,plot,45000000,40591101.59,4408898.413
1702,4,1,under construction,apartment,28000000,28000000,0
2655,3,0,ready to move,apartment,42400000,35166907.72,7233092.28
2200,3,1,under construction,apartment,28600000,29085205.99,-485205.9857
1731,4,1,under construction,apartment,68400000,68400000,0
2540,4,0,ready to move,plot,37500000,33346642.86,4153357.143
1946,3,1,under construction,apartment,38900000,35717221,3182779.003
1204,0,0,new,plot,17300000,10008120,7291880
3088,4,0,ready to move,apartment,117200000,117200000,0
1357,3,1,under construction,apartment,55900000,41673831.78,14226168.22
2800,4,1,under construction,apartment,36400000,41460530.15,-5060530.146
500,2,0,ready to move,plot,3100000,5456744,-2356744
1362,3,0,ready to move,apartment,13000000,10957773.02,2042226.984
1975,3,1,under construction,apartment,39500000,36229456.16,3270543.845
1105,2,1,under construction,apartment,9500000,8330657.725,1169342.275
1567,4,1,under construction,apartment,33300000,33806076.92,-506076.9231
1035,0,0,resale,plot,27500000,23992321.71,3507678.286
990,2,0,ready to move,apartment,19900000,15946568.98,3953431.022
3243,3,0,ready to move,apartment,48600000,69732000,-21132000
1565,3,0,ready to move,apartment,6900000,7585974.603,-685974.6032
950,2,0,ready to move,plot,4800000,7052457.898,-2252457.898
3240,4,0,ready to move,house,42500000,54866484.69,-12366484.69
2700,4,0,ready to move,floor,30000000,33102992.25,-3102992.249
2435,3,0,ready to move,apartment,15600000,42784811.51,-27184811.51
2100,0,0,new,plot,32600000,30163158.73,2436841.27
3044,4,0,ready to move,apartment,38000000,37635333.33,364666.6667
2410,3,1,under construction,apartment,45700000,45552291.67,147708.3333
4500,4,0,ready to move,plot,60000000,44230343.31,15769656.69
1308,3,1,under construction,apartment,30700000,31125355.88,-425355.8824
780,2,1,under construction,apartment,7222000,9422086.944,-2200086.944
3130,4,0,ready to move,apartment,30000000,43762636.51,-13762636.51
900,2,0,ready to move,plot,3800000,3933813.041,-133813.0415
2421,0,0,new,plot,15000000,29699966.67,-14699966.67
5579,4,0,ready to move,plot,39500000,100576400,-61076400
3387,4,1,under construction,apartment,65000000,58044000,6956000
1642,3,1,under construction,apartment,19900000,19309841.53,590158.4675
4500,1,0,resale,plot,75000000,46367251.26,28632748.74
1593,3,1,under construction,floor,17500000,18306050,-806050
1500,3,0,ready to move,plot,7200000,12768523.12,-5568523.124
2025,3,0,ready to move,plot,9000000,18293167.27,-9293167.267
1976,3,1,under construction,apartment,39500000,33311934.44,6188065.562
1457,3,0,ready to move,apartment,10500000,9190567.56,1309432.44
2262,3,1,under construction,apartment,27100000,42710770.09,-15610770.09
2610,3,0,ready to move,apartment,75000000,57242000,17758000
1358,2,1,under construction,apartment,23000000,21916904.1,1083095.905
2360,3,0,ready to move,apartment,24400000,19165500,5234500
1120,3,1,under construction,apartment,12500000,11261379.1,1238620.905
3455,4,0,ready to move,apartment,41400000,42087986.9,-687986.9048
2134,3,0,ready to move,apartment,25000000,39924444.3,-14924444.3
1169,3,1,under construction,apartment,29900000,13353500,16546500
4572,4,0,ready to move,villa,88700000,67582750,21117250
1620,3,1,under construction,floor,21000000,18236356.49,2763643.512
2441,2,0,ready to move,apartment,25000000,29582142.12,-4582142.116
1900,3,0,ready to move,floor,27500000,18098439.21,9401560.786
2090,3,1,under construction,apartment,29200000,30707235.73,-1507235.73
1582,4,1,under construction,apartment,33600000,35678716.67,-2078716.667
1535,3,0,ready to move,apartment,56000000,55484000,516000
2061,4,0,ready to move,apartment,30000000,62126122.54,-32126122.54
2220,3,0,ready to move,plot,7000000,19537090.91,-12537090.91
2835,4,1,under construction,apartment,15700000,60953000,-45253000
2230,3,0,ready to move,apartment,40100000,39079733.33,1020266.667
2880,4,0,under construction,plot,32500000,50972800,-18472800
1200,3,0,ready to move,plot,4500000,5011334.701,-511334.7005
1950,3,0,ready to move,apartment,11000000,26307433.65,-15307433.65
2382,3,0,ready to move,apartment,16500000,30595698.97,-14095698.97
2850,3,0,ready to move,apartment,62700000,50037853.17,12662146.83
1850,3,1,under construction,apartment,22200000,23468148.52,-1268148.518
1800,0,0,new,plot,14900000,11752810.24,3147189.758
2800,3,0,ready to move,plot,26000000,23576478.39,2423521.612
3150,4,1,under construction,apartment,25000000,42574761.9,-17574761.9
2700,3,0,ready to move,floor,31000000,20160580.5,10839419.5
1470,3,1,under construction,apartment,22700000,21251555.56,1448444.444
1895,3,1,under construction,apartment,37900000,29666255.95,8233744.048
1457,2,0,ready to move,apartment,14500000,12148048.6,2351951.396
1569,4,1,under construction,apartment,33400000,39630076.92,-6230076.923
750,2,0,ready to move,apartment,6500000,6435751.19,64248.80952
2000,3,0,under construction,plot,12500000,16858109.17,-4358109.172
1450,3,0,ready to move,plot,12000000,9590938.988,2409061.012
1860,3,1,under construction,apartment,20400000,23163604.71,-2763604.715
1067,2,1,under construction,apartment,9000000,9325485.714,-325485.7143
730,2,1,under construction,apartment,5657000,3275840,2381160
2390,4,0,ready to move,apartment,19500000,19176928.57,323071.4286
1261,3,1,under construction,apartment,26800000,24496543.22,2303456.783
6600,5,0,ready to move,villa,70000000,126473166.7,-56473166.67
1657,4,0,ready to move,apartment,34400000,34400000,0
2812,3,0,ready to move,apartment,28000000,43789112.48,-15789112.48
1500,3,0,ready to move,plot,11000000,12768523.12,-1768523.124
1145,2,1,under construction,apartment,16000000,15809036.21,190963.7931
2595,3,0,ready to move,apartment,57000000,51387915.95,5612084.046
2440,4,1,under construction,apartment,43900000,43900000,0
1630,2,0,ready to move,apartment,34200000,25386166.67,8813833.333
6000,3,0,ready to move,apartment,109000000,174852132.9,-65852132.92
400,1,1,under construction,apartment,1630000,1566760,63240
2549,3,1,under construction,apartment,35000000,44197264.29,-9197264.286
6521,5,0,ready to move,house,354600000,193359351.2,161240648.8
2015,3,1,under construction,apartment,40800000,36472130.47,4327869.529
2550,3,0,ready to move,apartment,27400000,34358234.76,-6958234.759
3680,4,1,under construction,apartment,68200000,63681106.75,4518893.246
646,3,0,ready to move,apartment,2584000,6041680,-3457680
2962,3,0,ready to move,apartment,65100000,64924557.14,175442.8571
1025,3,1,under construction,apartment,15900000,10830357.14,5069642.857
1261,2,0,ready to move,apartment,21400000,24068042.03,-2668042.027
3529,4,0,ready to move,apartment,134000000,130717000,3283000
716,1,0,ready to move,apartment,9630000,5722714.286,3907285.714
1205,3,1,under construction,apartment,15000000,14754532.11,245467.8932
2072,3,1,under construction,apartment,19200000,25854979.61,-6654979.612
3240,0,0,resale,plot,46800000,54010700.13,-7210700.13
1500,1,0,under construction,apartment,15000000,18436906.67,-3436906.667
1614,3,1,under construction,apartment,13900000,14203000,-303000
676,2,0,ready to move,plot,4000000,4385428.69,-385428.6905
1180,3,1,under construction,apartment,14000000,13855953.64,144046.3636
1200,3,0,ready to move,plot,3600000,5011334.701,-1411334.701
2249,4,1,under construction,apartment,494700000,174563819.8,320136180.2
6260,6,0,ready to move,apartment,118300000,121441000,-3141000
1650,3,1,under construction,apartment,33000000,166609732,-133609732
450,0,0,new,plot,325000,944618.7884,-619618.7884
1518,3,1,under construction,apartment,23900000,18367693.66,5532306.343
1625,2,0,ready to move,apartment,34100000,34823833.33,-723833.3333
1464,4,1,under construction,apartment,44100000,44100000,0
1352,3,1,under construction,apartment,22300000,22418000,-118000
2150,3,0,ready to move,apartment,19900000,22816075.76,-2916075.76
1440,3,0,ready to move,apartment,18700000,17258910.68,1441089.322
2250,4,0,ready to move,apartment,32000000,27061580.52,4938419.481
2072,3,1,under construction,apartment,27500000,25854979.61,1645020.388
4518,0,0,resale,plot,57500000,85846077.36,-28346077.36
750,2,0,ready to move,floor,2650000,3940652.143,-1290652.143
1435,3,1,under construction,apartment,6999000,20154909.19,-13155909.19
4968,4,0,ready to move,apartment,109200000,77322110.45,31877889.55
2047,3,0,ready to move,apartment,33700000,34824372.22,-1124372.222
2090,3,1,under construction,apartment,30800000,30707235.73,92764.27011
848,2,1,under construction,apartment,19000000,18698460,301540
1650,3,0,ready to move,apartment,20000000,17824483.18,2175516.821
333,1,1,under construction,apartment,1382000,1375590,6410
1469,4,1,under construction,apartment,55000000,55000000,0
1975,3,1,under construction,apartment,39500000,36229456.16,3270543.845
3461,4,0,ready to move,apartment,22500000,27115000,-4615000
1572,0,0,new,plot,11300000,11466230.77,-166230.7692
2795,3,1,under construction,apartment,46100000,50270809.39,-4170809.391
1800,3,1,under construction,apartment,16500000,24618030.85,-8118030.846
2700,4,0,ready to move,apartment,45000000,36457846.84,8542153.159
2150,3,0,ready to move,apartment,16000000,22816075.76,-6816075.76
700,2,1,under construction,apartment,2100000,2603350.135,-503350.1349
2000,3,0,ready to move,floor,13500000,16036520.25,-2536520.251
2668,3,0,ready to move,apartment,42900000,40109150,2790850
1450,3,0,ready to move,plot,10500000,9590938.988,909061.0119
5160,4,0,ready to move,apartment,77400000,93534357.14,-16134357.14
2000,3,0,ready to move,plot,11000000,13418230.09,-2418230.091
1465,2,1,under construction,apartment,11800000,16684318.01,-4884318.009
5805,99,0,new,plot,33500000,40718500,-7218500
4500,4,0,ready to move,plot,60000000,44230343.31,15769656.69
1930,3,0,ready to move,apartment,8100000,16223529.13,-8123529.133
7851,5,0,ready to move,apartment,172700000,126798438.1,45901561.9
1300,2,1,under construction,apartment,286000000,95513421.81,190486578.2
1508,2,1,under construction,apartment,18400000,17855737.7,544262.3016
4500,4,0,ready to move,apartment,72900000,49694155.89,23205844.11
1330,2,1,under construction,apartment,292600000,102130765.5,190469234.5
2700,4,0,ready to move,plot,27500000,29281084.39,-1781084.394
1852,3,1,under construction,apartment,12700000,16623430.79,-3923430.793
1780,3,0,ready to move,apartment,10500000,19312459.09,-8812459.091
2273,4,0,ready to move,apartment,19700000,22137996.68,-2437996.681
1975,3,1,under construction,apartment,39500000,36229456.16,3270543.845
2440,4,1,under construction,apartment,43900000,43900000,0
2576,4,0,ready to move,apartment,22400000,26257226.19,-3857226.19
1528,3,1,under construction,apartment,18500000,17856604.53,643395.4737
4000,3,0,ready to move,apartment,40000000,58808052.14,-18808052.14
2700,0,0,new,plot,22500000,34739438.81,-12239438.81
850,2,0,ready to move,apartment,6800000,4879115.556,1920884.444
2650,3,0,ready to move,apartment,38400000,36274584.42,2125415.582
2248,4,1,under construction,apartment,44900000,44767881.1,132118.8951
1750,3,0,ready to move,apartment,21000000,16393533.19,4606466.813
1900,3,0,ready to move,apartment,15700000,21929715.81,-6229715.811
1966,3,0,ready to move,apartment,32500000,28523833.33,3976166.667
3400,4,1,under construction,floor,44000000,42318853.17,1681146.825
3240,4,0,ready to move,floor,29900000,35095018.94,-5195018.944
1955,3,1,under construction,apartment,33800000,36196728.04,-2396728.041
1550,2,0,ready to move,plot,6000000,12142593.37,-6142593.375
9500,5,0,ready to move,apartment,706000000,203460666.7,502539333.3
1750,2,0,under construction,plot,38500000,23338281.5,15161718.5
2766,3,1,under construction,apartment,45600000,50224709.13,-4624709.126
1518,3,1,under construction,apartment,18200000,18367693.66,-167693.657
2400,3,0,ready to move,apartment,18000000,30126021.47,-12126021.47
4000,4,0,ready to move,villa,90000000,97551095.8,-7551095.804
1700,3,0,ready to move,floor,16000000,17822776.01,-1822776.012
3000,6,0,ready to move,plot,95000000,20401810.71,74598189.29
2937,3,1,under construction,apartment,54500000,52102068.21,2397931.791
4216,4,0,ready to move,apartment,57800000,59283202.49,-1483202.489
1381,2,1,under construction,apartment,16000000,14966572.21,1033427.793
3700,4,0,ready to move,apartment,66600000,45007233.69,21592766.31
2105,3,1,under construction,apartment,42100000,39400009.81,2699990.188
3558,4,1,under construction,apartment,96200000,75586000,20614000
3909,4,0,ready to move,villa,75800000,71819516.67,3980483.333
2077,3,1,under construction,apartment,45500000,45681265.47,-181265.4679
3600,4,0,ready to move,floor,25500000,41665880.93,-16165880.93
1200,2,0,ready to move,apartment,9600000,7756847.657,1843152.343
2550,3,0,ready to move,apartment,48200000,34358234.76,13841765.24
2844,3,0,resale,plot,47400000,46998529.33,401470.671
6840,4,0,ready to move,plot,46500000,63335961.54,-16835961.54
3240,4,0,ready to move,floor,23000000,35095018.94,-12095018.94
10000,6,0,ready to move,penthouse,460000000,116064047.6,343935952.4
2250,3,1,under construction,apartment,39300000,36914399.1,2385600.904
2403,0,0,new,plot,32700000,42173726.36,-9473726.364
540,0,0,new,plot,960000,1560216.47,-600216.4697
3844,3,0,ready to move,apartment,84500000,67179922.62,17320077.38
2875,4,0,ready to move,apartment,18500000,31095863.71,-12595863.71
2448,4,0,ready to move,apartment,68100000,61799230.56,6300769.444
1091,3,1,under construction,apartment,37800000,31239458.39,6560541.608
2637,4,1,under construction,apartment,18000000,33319231.58,-15319231.58
1701,0,0,new,plot,10000000,19755420.92,-9755420.924
1055,2,1,under construction,apartment,9581000,11592913.97,-2011913.969
1751,3,1,under construction,apartment,15500000,9977832.37,5522167.63
2631,4,0,ready to move,apartment,18900000,33904800,-15004800
3980,4,0,ready to move,apartment,71600000,66823111.11,4776888.889
1123,2,1,under construction,floor,9300000,9550211.905,-250211.9048
2720,4,0,ready to move,apartment,43000000,56500000,-13500000
1350,2,0,ready to move,apartment,29800000,15836715.53,13963284.47
4096,4,0,ready to move,apartment,90100000,70728833.33,19371166.67
1975,3,1,under construction,apartment,39500000,36229456.16,3270543.845
2200,3,0,ready to move,plot,13000000,21729582.07,-8729582.073
2000,3,1,under construction,apartment,26800000,22737191.7,4062808.303
1665,3,1,under construction,apartment,35400000,90715991.45,-55315991.45
1390,3,0,ready to move,apartment,19400000,11710896.62,7689103.381
2375,3,0,ready to move,apartment,36800000,32932618.65,3867381.349
1020,2,1,under construction,apartment,10200000,8091961.48,2108038.52
1440,2,0,ready to move,apartment,8000000,17534983.69,-9534983.694
2343,4,0,ready to move,apartment,34000000,45765440.48,-11765440.48
600,2,1,under construction,apartment,2380000,2387774.957,-7774.95671
1310,2,1,under construction,apartment,20900000,116838784.5,-95938784.51
2809,4,0,ready to move,plot,25000000,23840743.25,1159256.746
2700,4,0,ready to move,floor,27200000,33102992.25,-5902992.249
1711,3,0,ready to move,apartment,35000000,30843499.71,4156500.289
6838,5,1,under construction,apartment,126900000,123321530.9,3578469.106
1692,3,1,under construction,apartment,16500000,13916212.49,2583787.509
900,0,0,new,plot,11700000,2485890.348,9214109.652
4518,4,0,ready to move,floor,66000000,51677722.59,14322277.41
1745,3,1,under construction,apartment,30000000,23088550.58,6911449.423
4200,5,0,ready to move,plot,31500000,38874315.48,-7374315.476
1179,0,1,new,plot,10700000,12291245.24,-1591245.238
1105,2,0,ready to move,apartment,8851000,10611054.17,-1760054.167
1579,3,0,ready to move,apartment,22100000,29304011.9,-7204011.905
3154,4,0,ready to move,apartment,28200000,45849294.05,-17649294.05
675,2,0,ready to move,plot,5600000,5023162.5,576837.5
2150,3,0,ready to move,plot,38000000,29665878.57,8334121.429
3762,4,1,under construction,apartment,60700000,54678581.53,6021418.47
9000,5,0,ready to move,penthouse,85000000,102137690.5,-17137690.48
1200,1,0,ready to move,apartment,20700000,7906854.778,12793145.22
2505,4,0,ready to move,apartment,23800000,26398526.77,-2598526.77
3387,4,1,under construction,apartment,65000000,58044000,6956000
3240,6,0,ready to move,apartment,57500000,60174950.16,-2674950.164
5790,4,0,ready to move,apartment,101300000,68902291.67,32397708.33
10000,5,0,ready to move,floor,145000000,163673603.2,-18673603.17
4480,4,0,ready to move,apartment,98500000,93717215.98,4782784.019
4500,4,0,ready to move,apartment,35000000,49694155.89,-14694155.89
578,2,1,under construction,apartment,2362000,2325221.371,36778.62875
591,2,1,under construction,apartment,2414000,2406347.679,7652.321207
2441,3,0,ready to move,apartment,22300000,39047281.48,-16747281.48
2700,3,0,ready to move,floor,25000000,20160580.5,4839419.497
2945,4,1,under construction,apartment,66200000,65898000,302000
900,0,0,new,plot,1000000,2485890.348,-1485890.348
4128,4,1,under construction,apartment,76600000,74009636.32,2590363.685
3090,3,1,under construction,apartment,33900000,40997353.17,-7097353.175
5000,4,0,ready to move,apartment,53500000,65918541.99,-12418541.99
1692,3,0,ready to move,apartment,21100000,21667532.14,-567532.1429
2600,3,1,under construction,apartment,42900000,38552589.97,4347410.028
2430,4,0,ready to move,plot,22000000,34053627.78,-12053627.78
6000,4,0,ready to move,apartment,96000000,175694525.8,-79694525.77
700,2,0,ready to move,apartment,5500000,5215627.143,284372.8571
3800,4,1,under construction,apartment,72200000,74532874.54,-2332874.544
595,2,1,under construction,apartment,2415000,2382010.833,32989.16667
4430,4,1,under construction,apartment,88600000,87909940.24,690059.7625
3375,4,0,ready to move,apartment,28000000,57190787.88,-29190787.88
1405,3,1,under construction,apartment,25200000,25123000,77000
3100,4,0,ready to move,plot,22600000,22989076.98,-389076.9841
2393,4,1,under construction,apartment,16100000,57112944.08,-41012944.08
810,0,0,new,plot,10300000,6575439.488,3724560.512
2450,4,0,ready to move,apartment,29500000,31122407.29,-1622407.287
2283,5,1,under construction,apartment,37600000,37600000,0
1950,3,0,ready to move,apartment,24000000,26307433.65,-2307433.65
1700,3,0,ready to move,apartment,22400000,23652373,-1252372.997
1455,2,1,under construction,apartment,17000000,15976580.14,1023419.857
2400,3,0,ready to move,plot,38000000,21660243.64,16339756.36
1822,3,0,ready to move,apartment,14900000,14199133.67,700866.3333
2700,4,0,ready to move,apartment,45000000,36457846.84,8542153.159
4221,4,0,ready to move,villa,81900000,53208857.14,28691142.86
1190,3,1,under construction,floor,12000000,8947786.489,3052213.511
2300,4,0,under construction,floor,33000000,36248162.34,-3248162.338
1105,0,0,new,plot,15000000,12123796.03,2876203.971
1200,3,0,ready to move,plot,6000000,5011334.701,988665.2995
786,2,0,ready to move,apartment,8802000,8495483.369,306516.631
2630,4,1,under construction,apartment,38700000,40861748.11,-2161748.109
1692,2,1,under construction,apartment,27600000,24540351.78,3059648.223
6297,0,0,new,plot,52400000,192633377,-140233377
1380,2,0,ready to move,apartment,6000000,11381389.66,-5381389.665
5310,4,0,ready to move,apartment,116800000,107727104.8,9072895.238
1138,2,1,under construction,apartment,13700000,13463262.95,236737.0492
6900,4,0,ready to move,apartment,110400000,113578976.2,-3178976.19
4100,5,1,under construction,apartment,67600000,59179524.12,8420475.883
1900,3,0,ready to move,plot,14000000,23529758.87,-9529758.874
2191,4,0,ready to move,apartment,20000000,26621648.55,-6621648.546
3008,4,0,ready to move,apartment,27500000,23214154.74,4285845.261
582,2,1,under construction,apartment,2379000,2370235.815,8764.185266
2700,0,0,resale,plot,42000000,44778489.61,-2778489.61
2440,4,1,under construction,apartment,43900000,43900000,0
4430,4,1,under construction,apartment,88600000,87909940.24,690059.7625
1720,3,0,ready to move,apartment,16000000,12305183.77,3694816.231
3400,4,1,under construction,floor,43000000,42318853.17,681146.8254
4366,4,0,ready to move,apartment,65400000,88296192.86,-22896192.86
2900,4,0,ready to move,apartment,78100000,54048858.73,24051141.27
2650,3,0,ready to move,apartment,24500000,36274584.42,-11774584.42
1860,3,0,ready to move,apartment,33500000,31552742.86,1947257.143
2071,3,1,under construction,apartment,23200000,22429509.87,770490.1349
2164,4,0,ready to move,floor,32500000,31084972.22,1415027.778
1692,3,1,under construction,apartment,16500000,13916212.49,2583787.509
1190,3,1,under construction,apartment,16600000,13932698.97,2667301.034
1370,3,0,ready to move,apartment,16700000,22260879.23,-5560879.226
2430,3,0,ready to move,floor,22500000,23331732.14,-831732.1429
1205,3,1,under construction,apartment,11600000,14754532.11,-3154532.107
1525,3,1,under construction,apartment,12900000,12900990,-990
1614,0,1,new,plot,22000000,21658800,341200
4128,4,1,under construction,apartment,76600000,74009636.32,2590363.685
3223,3,1,under construction,apartment,35400000,70511653.85,-35111653.85
4500,4,0,ready to move,floor,40000000,46225652.44,-6225652.442
1280,3,1,under construction,apartment,22000000,19579936.67,2420063.333
1352,3,1,under construction,apartment,22300000,22418000,-118000
3150,4,0,ready to move,apartment,22000000,44803758.91,-22803758.91
2726,4,0,ready to move,plot,37500000,35688244.05,1811755.952
1620,0,0,new,plot,11700000,15929080.74,-4229080.736
1300,3,0,ready to move,apartment,17000000,14598218.97,2401781.025
1120,3,1,under construction,apartment,6794000,11261379.1,-4467379.095
940,2,0,ready to move,floor,11000000,8733128.237,2266871.763
16000,6,0,ready to move,apartment,1189100000,868153000,320947000
9000,5,0,ready to move,apartment,668900000,223129789.8,445770210.2
2071,3,1,under construction,apartment,23200000,22429509.87,770490.1349
3240,4,0,ready to move,floor,46000000,35095018.94,10904981.06
1264,2,1,under construction,apartment,7000000,7883524.98,-883524.9798
1310,2,1,under construction,apartment,9500000,116838784.5,-107338784.5
1640,2,0,ready to move,apartment,11800000,17007501.19,-5207501.19
3956,4,1,under construction,apartment,80100000,80100000,0
1250,3,0,ready to move,floor,12500000,14697209.52,-2197209.524
1000,1,1,under construction,apartment,22000000,22000000,0
2300,4,0,ready to move,apartment,35000000,29518718.89,5481281.111
5521,4,0,ready to move,villa,125500000,95808750,29691250
5082,4,1,under construction,apartment,94300000,92455583.33,1844416.666
607,2,1,under construction,apartment,2428000,2467474.286,-39474.28571
2553,4,1,under construction,apartment,28700000,28700000,0
1347,4,1,under construction,apartment,44900000,44225228.57,674771.4286
1200,2,0,ready to move,apartment,10300000,7756847.657,2543152.343
2700,4,0,ready to move,floor,33000000,33102992.25,-102992.2492
2035,3,1,under construction,apartment,24400000,18510447.62,5889552.381
1381,2,1,under construction,apartment,12300000,14966572.21,-2666572.207
1205,3,1,under construction,apartment,11000000,14754532.11,-3754532.107
2040,3,1,under construction,apartment,30400000,31789872.99,-1389872.985
915,2,1,under construction,apartment,6480000,7925856.557,-1445856.557
1572,3,0,ready to move,apartment,14500000,14662550,-162550
2847,4,0,ready to move,apartment,45500000,40105895.4,5394104.595
2300,4,0,ready to move,floor,23500000,26033916.25,-2533916.25
1800,3,0,ready to move,floor,21500000,23304362.67,-1804362.673
3200,4,0,ready to move,apartment,17000000,32291571.1,-15291571.1
8580,6,0,ready to move,apartment,162200000,137941613.1,24258386.9
1762,2,0,ready to move,apartment,20500000,17092993.79,3407006.212
399,1,1,under construction,apartment,1452000,1575360,-123360
3395,4,0,ready to move,apartment,84800000,75011890.04,9788109.957
900,0,0,new,plot,8500000,2485890.348,6014109.652
1200,2,0,ready to move,apartment,5600000,7756847.657,-2156847.657
5222,5,0,ready to move,villa,88100000,94708928.88,-6608928.877
3093,4,1,under construction,apartment,127600000,127600000,0
1383,3,1,under construction,apartment,31000000,31000000,0
9000,0,0,resale,plot,135000000,94657958.33,40342041.67
768,2,1,under construction,apartment,2414000,2695329.071,-281329.0711
6450,5,0,ready to move,apartment,141900000,109964198.4,31935801.59
5987,99,0,new,plot,36500000,51600666.67,-15100666.67
1161,0,1,new,plot,9099000,10416448.75,-1317448.75
1840,3,0,ready to move,apartment,11700000,19861487.3,-8161487.302
2985,3,0,ready to move,apartment,35800000,50991242.95,-15191242.95
1545,3,1,under construction,apartment,15500000,19250132.25,-3750132.251
5000,5,0,ready to move,apartment,36000000,61329461.9,-25329461.9
2250,4,0,ready to move,apartment,25300000,27061580.52,-1761580.519
3078,4,0,ready to move,plot,19500000,26176400,-6676400
4100,5,1,under construction,apartment,67600000,59179524.12,8420475.883
2290,3,0,ready to move,apartment,29100000,23395692.02,5704307.976
2408,3,0,ready to move,apartment,20000000,28273878.57,-8273878.571
1199,2,0,ready to move,apartment,10100000,9315042.139,784957.8611
6096,5,1,under construction,apartment,90000000,109854382,-19854382.04
2051,3,0,ready to move,apartment,32500000,30363364.46,2136635.536
2600,3,1,under construction,apartment,42900000,38552589.97,4347410.028
1080,0,1,resale,plot,9500000,9320156.667,179843.3333
1210,2,1,under construction,apartment,10200000,9311166.681,888833.3189
1572,3,0,ready to move,apartment,10600000,14662550,-4062550
1440,0,1,new,plot,16900000,14725652.75,2174347.253
1295,2,0,ready to move,apartment,8000000,8013000,-13000
581,2,1,under construction,apartment,2325000,2370235.815,-45235.81473
1640,3,1,under construction,apartment,12500000,20220984.13,-7720984.127
2107,3,1,under construction,apartment,34700000,34700000,0
1215,2,1,under construction,apartment,8505000,9680188.65,-1175188.65
1503,2,0,ready to move,apartment,13200000,13393400.91,-193400.9091
2283,5,1,under construction,apartment,37600000,37600000,0
1614,3,0,ready to move,apartment,31100000,16563833.33,14536166.67
1800,3,0,ready to move,floor,23500000,23304362.67,195637.3269
3400,3,0,ready to move,apartment,24500000,49037661.9,-24537661.9
2528,3,1,under construction,apartment,50500000,48840361.66,1659638.339
2070,3,0,ready to move,plot,27000000,19382252.44,7617747.561
1105,2,1,under construction,apartment,8851000,8330657.725,520342.2753
1805,3,0,ready to move,apartment,23000000,9262158.506,13737841.49
1224,2,1,under construction,apartment,7832000,7832260,-260
2450,3,0,ready to move,apartment,28500000,37054169.84,-8554169.835
968,3,1,under construction,apartment,33600000,33600000,0
1045,2,0,under construction,plot,3500000,8028342.407,-4528342.407
2300,4,0,ready to move,plot,30000000,23074470.71,6925529.293
1020,2,1,under construction,apartment,6230000,8091961.48,-1861961.48
2625,4,0,ready to move,apartment,43000000,47943457.14,-4943457.143
3000,4,0,ready to move,apartment,17000000,29930255.4,-12930255.4
1995,3,0,ready to move,apartment,11600000,14793312.48,-3193312.479
2637,4,1,under construction,apartment,18000000,33319231.58,-15319231.58
3600,4,1,under construction,apartment,55000000,55024500,-24500
1860,3,0,ready to move,apartment,44600000,31552742.86,13047257.14
1050,2,0,ready to move,floor,10000000,10138711.59,-138711.5873
639,1,0,under construction,plot,6100000,2033523.333,4066476.667
745,3,1,under construction,apartment,2626000,4220904.286,-1594904.286
6096,5,1,under construction,apartment,113100000,109854382,3245617.962
6351,5,0,ready to move,apartment,69200000,108504596.9,-39304596.86
2780,3,1,under construction,apartment,37900000,36283158.33,1616841.667
2538,3,1,under construction,apartment,50700000,45732489.19,4967510.805
1351,2,0,ready to move,apartment,14900000,11492452.35,3407547.645
900,3,0,under construction,plot,11000000,6555865,4444135
2350,3,1,under construction,apartment,51200000,37734696.45,13465303.55
3000,4,0,ready to move,plot,45000000,25454308.73,19545691.27
279,1,0,ready to move,plot,2700000,6579366.667,-3879366.667
500,2,0,ready to move,apartment,3000000,3682687.143,-682687.1429
1179,0,1,new,plot,10700000,12291245.24,-1591245.238
3890,4,0,ready to move,apartment,111000000,72332029.64,38667970.36
1500,3,0,ready to move,apartment,18000000,14502154.85,3497845.148
1132,2,0,ready to move,apartment,21800000,15464343.24,6335656.765
4015,3,0,ready to move,apartment,88300000,80422654.76,7877345.238
3363,3,0,ready to move,apartment,50400000,73900000,-23500000
1425,2,0,ready to move,apartment,12000000,13373728.57,-1373728.571
1040,2,0,ready to move,apartment,13500000,14804478.81,-1304478.808
1951,4,0,ready to move,apartment,39400000,36759429.87,2640570.13
1983,3,0,ready to move,apartment,17400000,35825138.97,-18425138.97
546,2,0,ready to move,apartment,4595000,3700192.976,894807.0238
2360,3,1,under construction,apartment,37700000,37700000,0
1682,2,1,under construction,apartment,12400000,17151817.86,-4751817.857
4518,0,0,resale,plot,77500000,85846077.36,-8346077.362
6028,0,1,new,plot,36800000,130002226.3,-93202226.26
2630,4,0,ready to move,apartment,18000000,36130200,-18130200
2779,3,0,ready to move,apartment,33300000,39372986.83,-6072986.827
2272,3,0,ready to move,plot,15500000,29555637.53,-14055637.53
3240,4,0,ready to move,floor,35000000,35095018.94,-95018.94421
839,3,1,under construction,apartment,3130000,3714793.333,-584793.3333
2037,3,1,under construction,apartment,28400000,28144700,255300
1300,2,1,under construction,apartment,26000000,95513421.81,-69513421.81
1067,2,1,under construction,apartment,8600000,9325485.714,-725485.7143
3600,0,0,resale,plot,97500000,58421958.33,39078041.67
1657,4,1,under construction,apartment,34500000,23702250,10797750
2821,4,0,ready to move,apartment,80500000,42863358.33,37636641.67
1930,3,0,ready to move,apartment,9000000,16223529.13,-7223529.133
1060,2,1,under construction,apartment,8200000,10100066.79,-1900066.786
1250,3,0,ready to move,apartment,16200000,13451109.92,2748890.079
1955,3,1,under construction,apartment,39100000,36196728.04,2903271.959
1091,3,1,under construction,apartment,37800000,31239458.39,6560541.608
3200,4,0,ready to move,apartment,33600000,32291571.1,1308428.904
598,2,1,under construction,apartment,2435000,2421184.264,13815.73593
2700,4,0,ready to move,floor,23000000,33102992.25,-10102992.25
1559,2,0,ready to move,apartment,14000000,11529886.65,2470113.354
2844,4,0,ready to move,plot,21900000,32039125,-10139125
1359,2,1,under construction,apartment,9666000,9279604.412,386395.5881
3150,4,0,ready to move,apartment,43100000,44803758.91,-1703758.91
1100,2,1,under construction,apartment,7590000,3502664.617,4087335.383
1508,2,1,under construction,apartment,15700000,17855737.7,-2155737.698
1450,3,0,ready to move,apartment,8300000,13120317.81,-4820317.814
2844,4,0,under construction,plot,46500000,48764464.29,-2264464.286
3577,4,1,under construction,apartment,64300000,64300000,0
8550,5,0,ready to move,villa,86000000,145586526.2,-59586526.19
849,2,1,under construction,apartment,6579000,18698460,-12119460
2142,3,0,ready to move,plot,9500000,29690295.24,-20190295.24
2050,3,0,ready to move,floor,21900000,16651146.79,5248853.214
2250,3,1,under construction,apartment,17000000,36914399.1,-19914399.1
4486,4,0,ready to move,apartment,50500000,75209685.03,-24709685.03
2440,4,1,under construction,apartment,43900000,43900000,0
2570,4,1,under construction,apartment,51400000,39752856.55,11647143.45
1138,2,1,under construction,apartment,13700000,13463262.95,236737.0492
2527,3,0,ready to move,apartment,40400000,35470482.14,4929517.857
3150,4,0,ready to move,apartment,48800000,44803758.91,3996241.09
6500,5,0,ready to move,villa,120000000,127352000,-7352000
900,2,0,ready to move,plot,4000000,3933813.041,66186.95851
2300,3,0,ready to move,floor,24500000,20244200.4,4255799.603
2877,4,0,ready to move,apartment,16700000,18729192.46,-2029192.46
838,3,1,under construction,apartment,4700000,6059876.667,-1359876.667
1440,2,1,under construction,floor,16500000,16150625,349375
5618,4,0,ready to move,apartment,182500000,181605733.3,894266.6667
3888,3,0,ready to move,apartment,85500000,75740057.14,9759942.857
1390,2,0,ready to move,apartment,28000000,24432066.9,3567933.096
1224,0,1,new,plot,10800000,10261945.17,538054.8341
1356,3,1,under construction,apartment,28800000,31770052.38,-2970052.381
1550,2,0,ready to move,apartment,18500000,14165815.83,4334184.172
1500,3,1,under construction,apartment,2600000,16287552.84,-13687552.84
1385,2,0,ready to move,apartment,9499000,10727657.92,-1228657.916
2350,3,1,under construction,apartment,26400000,37734696.45,-11334696.45
4518,4,0,ready to move,floor,32500000,51677722.59,-19177722.59
1200,3,0,ready to move,plot,6000000,5011334.701,988665.2995
2071,3,1,under construction,apartment,23200000,22429509.87,770490.1349
1828,3,1,under construction,apartment,26900000,28205542.02,-1305542.016
1250,3,1,under construction,floor,7000000,10616943.99,-3616943.988
1310,2,1,under construction,apartment,26200000,116838784.5,-90638784.51
1067,2,1,under construction,apartment,9000000,9325485.714,-325485.7143
2060,4,1,under construction,apartment,453200000,266217398.8,186982601.2
1518,3,1,under construction,apartment,13800000,18367693.66,-4567693.657
2350,3,1,under construction,apartment,51200000,37734696.45,13465303.55
3078,4,0,ready to move,floor,35000000,33294500,1705500
2600,3,0,ready to move,apartment,21000000,21134316.06,-134316.0617
1665,3,1,under construction,apartment,33300000,90715991.45,-57415991.45
1105,2,1,under construction,apartment,6056000,8330657.725,-2274657.725
1991,4,1,under construction,apartment,26200000,27316000,-1116000
2510,4,1,under construction,apartment,52700000,50313205.83,2386794.168
3100,4,1,under construction,apartment,51100000,45838918.75,5261081.246
3505,4,1,under construction,apartment,67400000,67258507.51,141492.4919
1600,3,1,under construction,apartment,26400000,26026847.88,373152.1243
2200,4,0,ready to move,apartment,20000000,23095275.43,-3095275.433
1719,2,0,ready to move,apartment,20600000,13709267.75,6890732.251
2000,3,0,ready to move,apartment,21000000,22404956.4,-1404956.402
3050,3,0,under construction,plot,38100000,37714609.52,385390.4762
2290,3,0,ready to move,apartment,25500000,23395692.02,2104307.976
2650,4,0,ready to move,apartment,17700000,21949675.79,-4249675.794
2700,4,0,ready to move,plot,26900000,29281084.39,-2381084.394
1336,3,1,under construction,apartment,35400000,29650489.45,5749510.545
2380,3,1,under construction,apartment,43700000,40925559.64,2774440.357
1558,4,1,under construction,apartment,25100000,20899812.16,4200187.838
2979,3,0,ready to move,apartment,44600000,57482940.08,-12882940.08
1976,3,1,under construction,apartment,39500000,33311934.44,6188065.562
1071,112,0,resale,plot,20100000,20260218.33,-160218.3333
6000,4,0,ready to move,apartment,90000000,175694525.8,-85694525.77
2700,3,0,ready to move,floor,18000000,20160580.5,-2160580.503
2072,3,0,ready to move,apartment,57700000,43131953.24,14568046.76
1250,3,0,ready to move,floor,9000000,14697209.52,-5697209.524
1400,3,0,ready to move,floor,12400000,10234521.43,2165478.571
7300,5,0,ready to move,floor,75000000,109464346.4,-34464346.43
3600,4,0,ready to move,floor,45000000,41665880.93,3334119.07
2283,5,1,under construction,apartment,37600000,37600000,0
6300,4,0,ready to move,floor,70000000,75766383.33,-5766383.333
1224,0,1,new,plot,9520000,10261945.17,-741945.1659
3684,4,1,under construction,apartment,157400000,135064596.3,22335403.68
1025,3,0,ready to move,apartment,21300000,20771406.67,528593.3333
2779,4,0,ready to move,apartment,21000000,26916347.58,-5916347.583
1292,3,0,ready to move,apartment,15700000,25013799.27,-9313799.27
1750,3,0,under construction,plot,26200000,19873771.83,6326228.175
2557,3,1,under construction,apartment,54400000,52772714.29,1627285.714
1691,3,0,ready to move,apartment,23900000,23900000,0
2470,3,0,ready to move,apartment,45000000,38128895.65,6871104.347
1650,3,0,ready to move,plot,22000000,17128210.12,4871789.878
1825,3,1,under construction,apartment,36500000,25078503.02,11421496.98
2615,3,0,ready to move,apartment,49400000,51134000,-1734000
356,1,0,ready to move,apartment,1449000,2318434,-869434
1642,3,1,under construction,apartment,19700000,19309841.53,390158.4675
964,2,0,ready to move,apartment,13500000,10288066.94,3211933.057
1765,3,0,ready to move,apartment,13000000,12214019.05,785980.9524
676,2,1,under construction,apartment,2417000,2667010,-250010
3897,4,0,ready to move,apartment,42700000,74129633.33,-31429633.33
1494,0,0,new,plot,20400000,14742983.33,5657016.667
3539,99,0,new,plot,20400000,22557800,-2157800
2267,4,0,ready to move,plot,24000000,34801893.94,-10801893.94
1889,3,0,ready to move,apartment,20300000,21697691.71,-1397691.707
1635,3,0,ready to move,apartment,16300000,16030464.29,269535.7143
2831,4,0,ready to move,apartment,40400000,30042764.69,10357235.31
900,0,0,new,plot,170000,2485890.348,-2315890.348
2073,3,0,ready to move,apartment,57700000,46085099.39,11614900.61
2390,4,1,under construction,apartment,26800000,26276923.69,523076.3131
3395,4,0,ready to move,apartment,84800000,75011890.04,9788109.957
3240,3,0,ready to move,plot,8500000,37801259.02,-29301259.02
1500,2,1,under construction,apartment,19900000,11285915,8614085
810,2,0,ready to move,apartment,4455000,3921431.814,533568.186
540,0,0,resale,plot,1960000,7790323.81,-5830323.81
335,1,0,ready to move,apartment,1340000,1444197.143,-104197.1429
5096,4,0,ready to move,apartment,55500000,84328182.54,-28828182.54
1300,2,1,under construction,apartment,286000000,95513421.81,190486578.2
2950,4,0,ready to move,apartment,39000000,38182139.54,817860.457
1118,2,1,under construction,apartment,10100000,12211807.85,-2111807.851
1308,3,0,ready to move,apartment,36400000,32803580.36,3596419.643
2275,5,1,under construction,apartment,37500000,37500000,0
5790,4,0,ready to move,apartment,55500000,68902291.67,-13402291.67
903,2,0,ready to move,floor,8056000,6882252.583,1173747.417
2080,3,1,under construction,apartment,41600000,31169781.07,10430218.93
1731,4,1,under construction,apartment,68400000,68400000,0
3112,3,0,ready to move,apartment,68400000,60324466.67,8075533.333
955,2,0,ready to move,apartment,14300000,10118346.46,4181653.536
2491,3,0,ready to move,apartment,38600000,37233151.52,1366848.485
4700,4,1,under construction,apartment,68100000,81987675.82,-13887675.82
1503,3,1,under construction,apartment,17900000,19392058,-1492057.998
2071,3,1,under construction,apartment,23200000,22429509.87,770490.1349
4020,4,1,under construction,apartment,55000000,93126327.02,-38126327.02
1750,3,0,under construction,plot,24000000,19873771.83,4126228.175
1711,3,1,under construction,apartment,15200000,19925678.5,-4725678.497
5211,4,0,ready to move,villa,80500000,86020916.67,-5520916.667
2475,3,0,ready to move,plot,11500000,14821600,-3321600
1528,2,1,under construction,apartment,8830000,12252000,-3422000
3625,4,0,ready to move,apartment,45000000,65988363.1,-20988363.1
800,2,0,ready to move,apartment,3975000,5471918.008,-1496918.008
2600,3,1,under construction,apartment,42900000,38552589.97,4347410.028
6828,5,1,under construction,apartment,126700000,122574098,4125901.965
4500,4,0,ready to move,apartment,70000000,49694155.89,20305844.11
5096,4,0,ready to move,apartment,112100000,84328182.54,27771817.46
1737,4,1,under construction,apartment,36900000,41940000,-5040000
1250,3,0,ready to move,apartment,16200000,13451109.92,2748890.079
675,2,1,under construction,apartment,2430000,2426504.286,3495.714286
1347,3,1,under construction,apartment,22200000,22200000,0
1274,3,0,ready to move,apartment,17800000,16521495.16,1278504.841
4548,4,0,ready to move,apartment,49000000,53968792.06,-4968792.063
2550,4,1,under construction,apartment,28600000,28165184.52,434815.4794
2637,4,1,under construction,apartment,42500000,33319231.58,9180768.417
4347,5,0,ready to move,plot,35000000,59887982.14,-24887982.14
2795,3,1,under construction,apartment,51800000,50270809.39,1529190.609
2055,4,1,under construction,apartment,29300000,137622144.4,-108322144.4
1308,3,0,ready to move,apartment,36400000,32803580.36,3596419.643
2200,3,1,under construction,apartment,28600000,29085205.99,-485205.9857
5000,9,0,ready to move,house,55000000,74827085.71,-19827085.71
2300,4,0,ready to move,apartment,40000000,29518718.89,10481281.11
1702,4,1,under construction,apartment,28000000,28000000,0
1199,2,0,ready to move,apartment,9592000,9315042.139,276957.8611
3240,4,0,ready to move,plot,45000000,32086978.13,12913021.87
4010,3,0,ready to move,apartment,60100000,81753388.1,-21653388.1
1711,3,1,under construction,apartment,15200000,19925678.5,-4725678.497
1374,3,1,under construction,apartment,28000000,30173185.32,-2173185.317
2597,4,1,under construction,apartment,52600000,46807823.09,5792176.908
1120,3,1,under construction,apartment,6794000,11261379.1,-4467379.095
3950,4,1,under construction,apartment,70000000,76966036.62,-6966036.621
4122,4,0,ready to move,villa,80000000,54370750,25629250
1534,2,0,ready to move,apartment,14000000,11809240.63,2190759.372
1566,2,1,under construction,apartment,18700000,13850992.86,4849007.143
4500,4,0,ready to move,plot,35000000,44230343.31,-9230343.315
7000,4,0,ready to move,floor,57500000,54734166.67,2765833.333
1300,3,0,ready to move,apartment,7450000,14598218.97,-7148218.975
2599,4,0,ready to move,apartment,52400000,47786738.26,4613261.738
3000,4,1,under construction,apartment,52000000,65389726.84,-13389726.84
3799,3,0,ready to move,apartment,83500000,69364024.89,14135975.11
2255,3,0,ready to move,apartment,62800000,56751855.63,6048144.372
2129,3,0,ready to move,apartment,43000000,35492725.51,7507274.489
2055,4,1,under construction,apartment,41100000,137622144.4,-96522144.39
1602,0,0,new,plot,21000000,15168642.86,5831357.143
872,2,0,ready to move,apartment,9003000,9888114,-885114
1211,3,1,under construction,apartment,5944000,7848811.31,-1904811.31
1700,2,0,ready to move,apartment,22000000,21271829.73,728170.2742
3898,3,0,ready to move,apartment,85700000,81397706.06,4302293.939
1080,2,1,new,plot,15600000,11253201.67,4346798.333
1425,2,0,ready to move,apartment,7800000,13373728.57,-5573728.571
1620,0,0,resale,plot,37500000,31382047.62,6117952.381
1845,3,0,ready to move,apartment,21300000,68684360.12,-47384360.12
1789,3,0,ready to move,apartment,25000000,20438242.38,4561757.618
3762,4,1,under construction,apartment,41300000,54678581.53,-13378581.53
742,3,1,under construction,apartment,2623000,2620700,2300
1457,2,1,under construction,apartment,9324000,9101307.018,222692.9817
589,2,1,under construction,apartment,2398000,2394410,3590
1389,3,1,under construction,apartment,16600000,11472570.87,5127429.128
1274,3,0,ready to move,apartment,12000000,16521495.16,-4521495.159
10000,6,0,ready to move,apartment,95000000,158816834.5,-63816834.47
2250,3,1,under construction,apartment,25300000,36914399.1,-11614399.1
2054,3,0,ready to move,apartment,45400000,41312203.03,4087796.97
1310,2,0,ready to move,apartment,28900000,19623664.96,9276335.036
4500,4,0,ready to move,floor,45900000,46225652.44,-325652.4418
2430,3,0,ready to move,plot,9000000,21923021.42,-12923021.42
900,0,0,new,plot,1700000,2485890.348,-785890.3484
1015,3,0,ready to move,apartment,4255000,6619300,-2364300
2072,3,1,under construction,apartment,27500000,25854979.61,1645020.388
1955,3,1,under construction,apartment,39100000,36196728.04,2903271.959
5100,4,0,ready to move,apartment,112200000,77434125,34765875
2430,3,1,under construction,floor,55000000,20383000,34617000
2800,4,0,ready to move,plot,17000000,25367830.56,-8367830.556
1310,2,1,under construction,apartment,22200000,116838784.5,-94638784.51
1565,2,0,ready to move,apartment,9500000,14024047.58,-4524047.583
1605,3,1,under construction,apartment,32100000,25509902.58,6590097.416
1108,3,0,ready to move,apartment,23000000,23058638.89,-58638.88889
1600,3,0,ready to move,apartment,27200000,21775458.55,5424541.447
2892,3,1,under construction,apartment,123500000,105380645.1,18119354.9
5223,4,1,under construction,apartment,96900000,95021510.17,1878489.833
2644,3,0,ready to move,apartment,92500000,87331231.96,5168768.038
6805,6,0,ready to move,apartment,128700000,101040098.1,27659901.95
539,2,1,under construction,apartment,2196000,2163404.596,32595.40404
2289,3,0,ready to move,apartment,25400000,19014243.84,6385756.163
3967,3,0,ready to move,apartment,87200000,81164614.14,6035385.859
3732,3,0,ready to move,apartment,82100000,68721780.95,13378219.05
1350,2,0,ready to move,apartment,29800000,15836715.53,13963284.47
1044,2,0,ready to move,apartment,21000000,17174230.36,3825769.64
1352,3,1,under construction,apartment,22300000,22418000,-118000
2802,3,0,ready to move,apartment,48000000,34067955.4,13932044.6
810,2,0,ready to move,apartment,3275000,3921431.814,-646431.814
3802,5,1,under construction,apartment,62700000,62700000,0
1850,3,0,ready to move,apartment,32900000,20645909.93,12254090.07
2072,3,1,under construction,apartment,35500000,25854979.61,9645020.388
2800,4,1,under construction,apartment,36400000,41460530.15,-5060530.146
1799,3,0,ready to move,apartment,15600000,20915183.25,-5315183.247
5210,4,0,ready to move,apartment,114600000,102083976.2,12516023.81
5900,5,0,ready to move,apartment,129800000,145852832.1,-16052832.14
1300,3,0,ready to move,plot,7500000,12302293.83,-4802293.831
1560,2,0,ready to move,floor,14000000,14812058.07,-812058.0745
3240,3,0,ready to move,plot,8500000,37801259.02,-29301259.02
900,0,0,new,plot,2500000,2485890.348,14109.65163
1521,0,1,new,plot,24200000,14044000,10156000
1811,3,0,ready to move,apartment,17500000,21244355.9,-3744355.9
1685,3,0,ready to move,apartment,16900000,17908311.11,-1008311.111
2150,3,0,ready to move,apartment,16000000,22816075.76,-6816075.76
541,2,1,under construction,apartment,2163000,2165528.333,-2528.333333
1158,2,0,ready to move,apartment,9843000,11356076.67,-1513076.667
1953,3,0,ready to move,apartment,16500000,12802117.25,3697882.751
2072,3,0,ready to move,apartment,40000000,43131953.24,-3131953.244
240,1,0,ready to move,apartment,2000000,1980000,20000
2200,3,1,under construction,apartment,28600000,29085205.99,-485205.9857
1500,3,0,ready to move,apartment,21000000,14502154.85,6497845.148
5219,4,0,ready to move,apartment,78200000,114958000,-36758000
645,3,1,under construction,apartment,2627000,2532225.687,94774.31254
2620,4,1,under construction,apartment,51300000,40861748.11,10438251.89
1900,3,0,ready to move,apartment,18000000,21929715.81,-3929715.811
1751,3,1,under construction,apartment,8500000,9977832.37,-1477832.37
2300,3,0,ready to move,apartment,54100000,47999036.05,6100963.947
1381,2,0,ready to move,apartment,27500000,27606964.04,-106964.0375
4800,6,0,ready to move,plot,54000000,50405400,3594600
4518,4,0,ready to move,floor,37500000,51677722.59,-14177722.59
3000,4,0,ready to move,apartment,26500000,29930255.4,-3430255.396
1450,3,0,ready to move,apartment,8000000,13120317.81,-5120317.814
3114,3,0,ready to move,apartment,68500000,56412533.33,12087466.67
2500,4,0,ready to move,floor,27500000,24158033.33,3341966.667
810,0,0,new,plot,8100000,6575439.488,1524560.512
2528,3,1,under construction,apartment,43700000,48840361.66,-5140361.661
2433,3,0,ready to move,apartment,40100000,41155663.89,-1055663.889
450,0,0,new,plot,1750000,944618.7884,805381.2116
2350,3,1,under construction,apartment,26400000,37734696.45,-11334696.45
3890,4,1,under construction,apartment,72100000,69744848.69,2355151.309
3500,4,0,ready to move,apartment,39900000,49670430.38,-9770430.375
1914,3,0,ready to move,apartment,15300000,22302800.96,-7002800.956
1440,2,0,ready to move,apartment,6500000,17534983.69,-11034983.69
1305,3,1,under construction,apartment,21500000,18801144.34,2698855.664
613,2,1,under construction,apartment,2492000,2491210.286,789.7142857
2054,3,1,under construction,apartment,30700000,34912798.38,-4212798.377
1950,3,0,ready to move,plot,30000000,22192346.83,7807653.175
3112,3,0,ready to move,apartment,46600000,60324466.67,-13724466.67
1425,2,0,ready to move,apartment,12000000,13373728.57,-1373728.571
1342,2,0,ready to move,plot,6715000,17676066.67,-10961066.67
1615,2,1,under construction,apartment,32300000,30362000,1938000
3510,3,0,ready to move,apartment,52600000,69297107.14,-16697107.14
1900,3,0,ready to move,apartment,39500000,21929715.81,17570284.19
1046,2,0,ready to move,apartment,12700000,20153438.44,-7453438.441
1611,2,0,new,plot,24200000,15286682.56,8913317.439
4518,4,0,ready to move,plot,59500000,34755666.67,24744333.33
2282,3,1,under construction,apartment,41000000,39150317.04,1849682.963
1390,2,0,ready to move,apartment,28000000,24432066.9,3567933.096
2700,4,0,ready to move,apartment,50000000,36457846.84,13542153.16
2400,3,0,ready to move,apartment,39000000,30126021.47,8873978.527
1611,3,1,under construction,floor,21500000,21043853.1,456146.9042
4096,4,0,ready to move,apartment,90100000,70728833.33,19371166.67
650,2,0,ready to move,plot,3800000,3183888.667,616111.3333
2000,3,0,ready to move,floor,16000000,16036520.25,-36520.25096
1055,2,1,under construction,apartment,12600000,11592913.97,1007086.031
4150,4,0,ready to move,apartment,23200000,28361561.9,-5161561.905
1080,0,0,new,plot,12000000,7699294.525,4300705.475
2147,3,1,under construction,apartment,57000000,44447861.38,12552138.62
1800,3,0,ready to move,plot,14000000,15685051.04,-1685051.035
4500,4,1,under construction,floor,71000000,60021959.6,10978040.4
1828,3,0,ready to move,apartment,40400000,34651758.67,5748241.331
2085,3,1,under construction,apartment,20200000,20268000,-68000
1503,3,1,under construction,floor,21000000,20249867.52,750132.4786
2644,3,0,ready to move,apartment,80000000,87331231.96,-7331231.962
1902,3,1,under construction,apartment,28000000,27378144.8,621855.2003
2250,0,0,new,plot,32300000,30567979.25,1732020.751
6521,4,0,ready to move,floor,154600000,139327968.5,15272031.54
1519,3,0,ready to move,apartment,19000000,15417697.62,3582302.381
1976,3,1,under construction,apartment,34100000,33311934.44,788065.562
3800,3,0,ready to move,apartment,67300000,54120037.5,13179962.5
3600,4,0,ready to move,floor,40000000,41665880.93,-1665880.93
1700,3,1,under construction,apartment,34000000,162420557.8,-128420557.8
2004,3,0,ready to move,apartment,35600000,36138787.66,-538787.6623
578,2,1,under construction,apartment,2363000,2325221.371,37778.62875
4844,0,0,new,plot,216000000,82917986.11,133082013.9
2250,3,1,under construction,apartment,39300000,36914399.1,2385600.904
900,0,0,new,plot,1600000,2485890.348,-885890.3484
1528,3,1,under construction,apartment,13900000,17856604.53,-3956604.526
3100,4,0,ready to move,plot,105000000,22989076.98,82010923.02
1830,3,0,ready to move,plot,21500000,21034857.14,465142.8571
1099,2,1,under construction,apartment,12500000,9588550.09,2911449.91
4500,0,0,new,plot,61300000,44581150.45,16718849.55
2503,3,1,under construction,apartment,50000000,42785872.88,7214127.118
7000,5,0,ready to move,villa,90000000,70582321.43,19417678.57
1100,3,0,ready to move,plot,4500000,4647449.664,-147449.6642
2668,3,0,ready to move,apartment,44000000,40109150,3890850
1423,3,1,under construction,apartment,10200000,11138210.88,-938210.8835
5977,4,0,ready to move,apartment,101600000,98718529.37,2881470.635
1138,2,1,under construction,apartment,13600000,13463262.95,136737.0492
1534,3,0,ready to move,apartment,56000000,36955963.89,19044036.11
2690,3,0,ready to move,apartment,57000000,51527380.95,5472619.048
2865,4,0,ready to move,floor,35000000,35272085.86,-272085.8586
2411,3,0,ready to move,apartment,38500000,33861389.65,4638610.348
2965,4,0,ready to move,apartment,46000000,79968356.64,-33968356.64
2376,3,1,under construction,apartment,38000000,38000000,0
4128,4,1,under construction,apartment,68100000,74009636.32,-5909636.315
2200,3,0,ready to move,plot,25000000,21729582.07,3270417.927
910,2,1,under construction,apartment,2370000,9109819.212,-6739819.212
2766,3,1,under construction,apartment,45600000,50224709.13,-4624709.126
1720,3,0,ready to move,apartment,9116000,12305183.77,-3189183.769
1243,2,0,ready to move,apartment,7953000,10034530,-2081530
1990,3,0,ready to move,apartment,14900000,32666385.44,-17766385.44
2298,4,1,under construction,apartment,45900000,234912964.5,-189012964.5
2050,3,0,ready to move,apartment,15200000,27109088.78,-11909088.78
2606,4,0,ready to move,apartment,21800000,25335319.61,-3535319.608
2150,3,0,ready to move,apartment,24100000,22816075.76,1283924.24
2037,3,1,under construction,apartment,28400000,28144700,255300
3230,4,1,under construction,apartment,72600000,72465571.43,134428.5714
2475,4,0,ready to move,plot,26500000,26290426.47,209573.5294
1365,2,0,ready to move,apartment,12600000,11690642.13,909357.873
1691,3,0,ready to move,apartment,23900000,23900000,0
696,2,1,under construction,apartment,2482000,2568046.468,-86046.46825
1488,4,1,under construction,apartment,16300000,21738250,-5438250
5492,4,0,ready to move,apartment,59800000,89359866.67,-29559866.67
1250,2,1,under construction,apartment,18700000,19574684.19,-874684.1919
968,3,1,under construction,apartment,33600000,33600000,0
3100,4,1,under construction,apartment,39900000,45838918.75,-5938918.754
1213,2,1,under construction,apartment,14500000,15015682.14,-515682.1374
4518,4,0,ready to move,floor,47900000,51677722.59,-3777722.589
955,2,0,ready to move,apartment,8175000,10118346.46,-1943346.464
2129,3,0,ready to move,apartment,43000000,35492725.51,7507274.489
1524,2,0,ready to move,apartment,24400000,21528000,2872000
1359,3,1,under construction,apartment,9264000,16663282.92,-7399282.918
1889,3,0,ready to move,apartment,20300000,21697691.71,-1397691.707
4518,3,0,resale,plot,65600000,75562550.22,-9962550.216
2460,3,1,under construction,apartment,52400000,54629564.29,-2229564.286
6565,5,0,ready to move,apartment,62100000,111212366.7,-49112366.67
3051,3,1,under construction,apartment,43300000,46194073.94,-2894073.938
1950,4,0,ready to move,apartment,23800000,28832840.1,-5032840.104
2484,3,0,ready to move,apartment,14000000,30669365.87,-16669365.87
3771,3,0,ready to move,apartment,45000000,74806083.33,-29806083.33
1930,3,0,ready to move,apartment,22000000,16223529.13,5776470.867
2352,4,0,ready to move,apartment,19600000,17839591.92,1760408.075
1731,4,1,under construction,apartment,68400000,68400000,0
3950,4,0,ready to move,apartment,79000000,58193247.88,20806752.12
2129,3,1,under construction,apartment,27500000,35255706.46,-7755706.46
945,0,0,new,plot,7874000,7280494.762,593505.2381
1550,2,0,ready to move,apartment,19500000,14165815.83,5334184.172
1700,3,0,ready to move,apartment,27500000,23652373,3847627.003
3192,4,0,ready to move,apartment,54200000,43510722.24,10689277.76
1650,3,0,ready to move,apartment,15300000,17824483.18,-2524483.179
3600,4,0,ready to move,floor,40000000,41665880.93,-1665880.93
3918,3,0,ready to move,apartment,86100000,85325750,774250
1371,4,1,under construction,apartment,45800000,45214500,585500
2300,4,0,under construction,floor,41500000,36248162.34,5251837.662
1217,2,1,under construction,apartment,7787000,7823299.375,-36299.375
2305,4,1,under construction,apartment,46100000,38834338.89,7265661.111
1990,3,0,ready to move,apartment,30800000,32666385.44,-1866385.443
700,0,0,resale,plot,122500000,2625629.333,119874370.7
1999,2,0,ready to move,apartment,31900000,31900000,0
4096,4,0,ready to move,apartment,61400000,70728833.33,-9328833.333
2200,4,0,ready to move,apartment,20000000,23095275.43,-3095275.433
208,0,0,new,plot,50000000,46171340,3828660
1518,3,1,under construction,apartment,18200000,18367693.66,-167693.657
5815,5,0,ready to move,villa,129200000,106239000,22961000
3500,4,1,under construction,apartment,57700000,58653063.13,-953063.1313
2031,4,0,ready to move,apartment,30100000,25582000,4518000
1350,2,0,ready to move,apartment,24000000,15836715.53,8163284.474
2010,3,0,ready to move,plot,23800000,22221974.75,1578025.253
1516,2,0,ready to move,apartment,21500000,31086935.71,-9586935.714
10019,5,0,ready to move,apartment,220400000,216949106.1,3450893.939
6221,5,0,ready to move,apartment,217600000,216349000,1251000
2510,4,1,under construction,apartment,50200000,50313205.83,-113205.832
3505,3,0,ready to move,apartment,77100000,69337621.43,7762378.571
1620,0,0,new,plot,31400000,15929080.74,15470919.26
1642,3,1,under construction,apartment,24900000,19309841.53,5590158.468
1305,3,1,under construction,apartment,19100000,18801144.34,298855.6638
2700,4,0,ready to move,plot,16500000,29281084.39,-12781084.39
4000,4,0,ready to move,villa,90000000,97551095.8,-7551095.804
1950,3,0,ready to move,apartment,24000000,26307433.65,-2307433.65
2705,4,0,ready to move,apartment,47000000,47387790.48,-387790.4762
2200,3,0,ready to move,plot,40000000,21729582.07,18270417.93
3200,4,0,ready to move,plot,43000000,23590071.43,19409928.57
2255,3,0,ready to move,plot,7400000,33957866.1,-26557866.1
4600,4,0,ready to move,apartment,57000000,64408511.11,-7408511.111
2215,4,0,ready to move,apartment,22500000,15391817.31,7108182.692
2833,3,0,ready to move,apartment,19700000,39988000,-20288000
1832,3,0,ready to move,apartment,25900000,25308127.52,591872.4831
2141,6,1,new,plot,30400000,58834600,-28434600
915,2,1,under construction,apartment,6266000,7925856.557,-1659856.557
2376,3,1,under construction,apartment,38000000,38000000,0
1789,3,0,ready to move,apartment,21500000,20438242.38,1061757.618
1154,2,1,under construction,apartment,5676000,9269160,-3593160
9000,5,0,ready to move,apartment,98100000,223129789.8,-125029789.8
3160,4,0,ready to move,apartment,40500000,45908476.19,-5408476.19
3600,0,0,new,plot,20900000,48694289.29,-27794289.29
583,2,0,ready to move,apartment,1982000,1999804,-17804
1902,3,1,under construction,apartment,28000000,27378144.8,621855.2003
2078,3,1,under construction,apartment,15000000,45681265.47,-30681265.47
1512,0,0,new,plot,19800000,16706557.94,3093442.063
1765,3,0,ready to move,apartment,11000000,12214019.05,-1214019.048
2360,3,1,under construction,apartment,37700000,37700000,0
1664,4,1,under construction,apartment,45000000,36087680.95,8912319.048
1440,3,1,under construction,apartment,10900000,9270145.345,1629854.655
1359,2,1,under construction,apartment,9490000,9279604.412,210395.5881
7452,5,1,under construction,apartment,138300000,136527342.3,1772657.692
3240,4,0,ready to move,floor,27000000,35095018.94,-8095018.944
2606,3,0,ready to move,apartment,41600000,41695666.67,-95666.66667
1353,3,0,ready to move,apartment,37600000,34915947.77,2684052.234
1323,0,0,new,plot,9554000,9956475,-402475
592,2,0,ready to move,apartment,2368000,7622556,-5254556
3310,3,0,ready to move,apartment,60500000,61915526.88,-1415526.876
1385,2,0,ready to move,apartment,12400000,10727657.92,1672342.084
1810,3,0,ready to move,apartment,23900000,24517198.23,-617198.2295
2250,3,0,ready to move,floor,22000000,14814785.41,7185214.585
601,2,1,under construction,apartment,2405000,2387774.957,17225.04329
1375,2,1,under construction,apartment,21300000,10357294.6,10942705.4
1235,3,1,under construction,apartment,11700000,13455368.18,-1755368.179
4518,99,0,new,plot,26100000,36900000,-10800000
1405,3,1,under construction,apartment,25200000,25123000,77000
2557,3,1,under construction,apartment,67900000,52772714.29,15127285.71
1269,2,1,under construction,apartment,6700000,7968857.144,-1268857.144
2250,4,1,under construction,apartment,40000000,64812034.01,-24812034.01
930,3,1,under construction,apartment,4800000,7376388.333,-2576388.333
2597,4,1,under construction,apartment,52600000,46807823.09,5792176.908
917,2,1,under construction,apartment,10600000,5134190.952,5465809.048
1930,3,0,ready to move,apartment,22100000,16223529.13,5876470.867
532,2,0,ready to move,apartment,3650000,5114880.952,-1464880.952
5970,4,0,ready to move,apartment,101400000,75942886.13,25457113.87
1080,0,1,resale,plot,8500000,9320156.667,-820156.6667
1444,2,1,under construction,apartment,9862000,12300614.78,-2438614.778
1665,3,1,under construction,apartment,366300000,90715991.45,275584008.6
450,0,0,new,plot,1000000,944618.7884,55381.21158
810,2,0,ready to move,apartment,4850000,3921431.814,928568.186
2300,3,0,ready to move,floor,14000000,20244200.4,-6244200.397
1646,3,1,under construction,apartment,70300000,64425454.47,5874545.53
5082,4,1,under construction,apartment,94300000,92455583.33,1844416.666
1638,3,1,under construction,apartment,69900000,69900000,0
1100,2,0,ready to move,apartment,2500000,10330450.06,-7830450.056
390,1,1,under construction,apartment,1409000,1424890,-15890
2450,3,0,ready to move,apartment,56300000,37054169.84,19245830.16
1700,3,1,under construction,apartment,34000000,162420557.8,-128420557.8
1657,4,0,ready to move,apartment,34400000,34400000,0
2255,3,1,under construction,apartment,35200000,38012460.12,-2812460.12
5090,5,0,ready to move,apartment,45000000,56430433.33,-11430433.33
5163,4,0,ready to move,apartment,113500000,73686314.31,39813685.69
3470,3,0,ready to move,apartment,32500000,55327011,-22827011
2047,3,0,ready to move,apartment,35800000,34824372.22,975627.7778
2407,4,0,ready to move,apartment,33600000,33261104.76,338895.2381
2650,3,0,ready to move,apartment,24500000,36274584.42,-11774584.42
1485,0,1,new,plot,13200000,13147000,53000
6353,4,1,under construction,apartment,127000000,122970885.5,4029114.492
2282,3,1,under construction,apartment,41000000,39150317.04,1849682.963
2875,4,0,ready to move,apartment,35000000,31095863.71,3904136.294
4250,4,0,ready to move,apartment,37000000,44091619.05,-7091619.048
4503,5,1,under construction,apartment,90000000,173844995.1,-83844995.05
2072,3,1,under construction,apartment,20000000,25854979.61,-5854979.612
1156,3,0,ready to move,apartment,11200000,12545620,-1345620
3190,4,0,ready to move,apartment,49400000,35210845.24,14189154.76
2438,3,0,ready to move,apartment,39000000,47178845.53,-8178845.527
1000,1,0,ready to move,apartment,17200000,7623240,9576760
1836,3,0,ready to move,plot,20000000,17556267.86,2443732.143
1100,3,0,ready to move,floor,3900000,9024296.032,-5124296.032
763,2,0,ready to move,apartment,2800000,6752466.667,-3952466.667
1388,3,1,under construction,apartment,36800000,26656287.55,10143712.45
1965,3,1,under construction,apartment,11800000,18787710.61,-6987710.608
2080,3,1,under construction,apartment,25000000,31169781.07,-6169781.067
2016,4,1,under construction,apartment,42900000,47218700,-4318700
1002,3,1,under construction,apartment,34700000,31641979.64,3058020.365
4518,4,0,ready to move,floor,42500000,51677722.59,-9177722.589
1274,3,0,ready to move,apartment,12000000,16521495.16,-4521495.159
4050,0,0,new,plot,58400000,56942000,1458000
3865,4,0,ready to move,apartment,67600000,47315307.14,20284692.86
1476,4,1,under construction,apartment,28900000,41382000,-12482000
2150,3,0,ready to move,apartment,16000000,22816075.76,-6816075.76
1099,2,1,under construction,apartment,13000000,9588550.09,3411449.91
750,2,0,ready to move,plot,2300000,2604973.102,-304973.1018
1381,2,1,under construction,apartment,13600000,14966572.21,-1366572.207
2445,3,1,under construction,apartment,39100000,39100000,0
2420,3,0,ready to move,apartment,68900000,33494659.52,35405340.48
1730,3,0,ready to move,apartment,14900000,11938588.71,2961411.286
2000,3,0,ready to move,plot,25000000,13418230.09,11581769.91
1346,2,0,ready to move,apartment,25900000,25221750,678250
1350,3,0,ready to move,apartment,7425000,10871304.3,-3446304.297
1615,2,1,under construction,apartment,32300000,30362000,1938000
3060,0,0,new,plot,15700000,45709000,-30009000
1967,3,1,under construction,apartment,39300000,38328610.09,971389.909
2000,3,0,ready to move,apartment,10500000,22404956.4,-11904956.4
6325,5,0,ready to move,house,56800000,71770500,-14970500
1575,4,0,ready to move,plot,11800000,22222361.9,-10422361.9
6828,5,1,under construction,apartment,126700000,122574098,4125901.965
1730,3,1,under construction,apartment,14000000,13962000,38000
2433,3,0,ready to move,apartment,41800000,41155663.89,644336.1111
935,0,0,resale,plot,5500000,8309980.387,-2809980.387
2975,3,0,ready to move,apartment,46000000,57482940.08,-11482940.08
2093,3,0,ready to move,apartment,32400000,26963565.11,5436434.887
2300,3,0,ready to move,floor,20000000,20244200.4,-244200.3968
2380,3,1,under construction,apartment,25500000,40925559.64,-15425559.64
1465,2,0,ready to move,apartment,12600000,26504368.06,-13904368.06
4902,4,0,ready to move,apartment,107800000,103258535.7,4541464.286
5562,4,0,ready to move,floor,111900000,141455857.1,-29555857.14
6335,4,0,ready to move,apartment,95000000,91816915.38,3183084.615
1950,3,0,ready to move,floor,25000000,23535058.77,1464941.23
3060,4,0,ready to move,apartment,36300000,34455099.66,1844900.344
1950,3,0,ready to move,apartment,18000000,26307433.65,-8307433.65
1976,3,1,under construction,apartment,39500000,33311934.44,6188065.562
1350,3,0,ready to move,apartment,14000000,10871304.3,3128695.703
13500,4,0,ready to move,apartment,266300000,251551260.7,14748739.34
8000,10,0,ready to move,plot,55000000,45087541.67,9912458.333
720,0,0,new,plot,785000,2411387.044,-1626387.044
3006,0,0,new,plot,43200000,43241500,-41500
2250,3,0,ready to move,plot,10000000,27814991.07,-17814991.07
1902,3,1,under construction,apartment,28000000,27378144.8,621855.2003
1932,3,0,ready to move,apartment,34300000,41070736.98,-6770736.977
3577,4,1,under construction,apartment,64300000,64300000,0
1200,3,0,ready to move,plot,4800000,5011334.701,-211334.7005
1845,3,1,under construction,apartment,25700000,24064757.99,1635242.006
3117,4,0,ready to move,villa,56000000,89532205.95,-33532205.95
3000,4,0,ready to move,floor,18000000,24529908.73,-6529908.73
4850,4,0,ready to move,apartment,69300000,63639940.48,5660059.524
2650,3,0,ready to move,apartment,26500000,36274584.42,-9774584.418
3100,4,1,under construction,apartment,51100000,45838918.75,5261081.246
4848,4,0,ready to move,apartment,56000000,86659918.9,-30659918.9
1850,3,0,ready to move,plot,11500000,18431948.73,-6931948.732
1103,2,1,under construction,apartment,9304000,8435196.156,868803.8442
900,2,0,ready to move,plot,3500000,3933813.041,-433813.0415
3470,4,0,ready to move,apartment,44000000,34387353.97,9612646.032
6838,4,0,ready to move,apartment,134800000,126189685.3,8610314.652
1518,3,1,under construction,apartment,18400000,18367693.66,32306.34299
3850,3,0,ready to move,apartment,57700000,81773504.55,-24073504.55
1955,3,1,under construction,apartment,39100000,36196728.04,2903271.959
1111,3,0,ready to move,apartment,30900000,28236113.1,2663886.905
2200,3,1,under construction,apartment,28600000,29085205.99,-485205.9857
3192,4,0,ready to move,apartment,22500000,43510722.24,-21010722.24
2464,3,0,ready to move,apartment,73700000,65029400,8670600
3100,4,1,under construction,apartment,39900000,45838918.75,-5938918.754
1518,3,1,under construction,apartment,18200000,18367693.66,-167693.657
2380,3,1,under construction,apartment,42800000,40925559.64,1874440.357
1215,0,0,new,plot,1890000,8882850,-6992850
669,2,1,under construction,apartment,2676000,2534151.746,141848.254
3747,3,0,ready to move,apartment,86100000,66489300,19610700
1450,2,0,ready to move,apartment,11600000,19257282.58,-7657282.582
9000,5,0,ready to move,apartment,100000000,223129789.8,-123129789.8
2700,4,0,ready to move,floor,31000000,33102992.25,-2102992.249
2700,3,0,ready to move,plot,15000000,18826123.66,-3826123.662
1430,0,1,new,plot,13000000,13288192.86,-288192.8571
2520,3,1,under construction,apartment,51300000,54070902.21,-2770902.208
2122,3,0,ready to move,apartment,17000000,16446648.04,553351.9605
2185,3,0,ready to move,apartment,41300000,38149850,3150150
2400,3,0,ready to move,apartment,38500000,30126021.47,8373978.527
2379,0,0,new,plot,25600000,30815266.67,-5215266.667
1775,3,0,ready to move,apartment,13000000,13271202.78,-271202.7778
675,0,0,new,plot,699000,4037643.353,-3338643.353
915,2,0,ready to move,apartment,12000000,10550986.02,1449013.977
2440,3,0,ready to move,apartment,39000000,53529412.41,-14529412.41
4200,4,0,ready to move,apartment,32100000,74217454.93,-42117454.93
2160,0,0,new,plot,24800000,30125497.01,-5325497.006
2720,4,0,ready to move,apartment,56500000,56500000,0
2300,3,1,under construction,apartment,35900000,39823114.52,-3923114.523
1800,3,0,ready to move,floor,19300000,23304362.67,-4004362.673
800,2,0,ready to move,apartment,6700000,5471918.008,1228081.992
1430,0,1,new,plot,13000000,13288192.86,-288192.8571
1245,2,0,ready to move,apartment,12700000,11469240,1230760
1500,3,0,ready to move,apartment,21000000,14502154.85,6497845.148
1250,2,0,ready to move,apartment,27000000,16196137.88,10803862.12
5700,5,0,ready to move,apartment,71000000,76404476.19,-5404476.19
2100,4,1,under construction,apartment,42000000,203597700.8,-161597700.8
1575,0,1,new,plot,13700000,14352147.03,-652147.0274
1998,4,0,ready to move,apartment,28300000,28300000,0
3322,3,0,ready to move,apartment,53100000,58185625,-5085625
2740,4,0,ready to move,apartment,38400000,33594458.33,4805541.667
4808,4,0,ready to move,apartment,74500000,55469916.67,19030083.33
2800,4,1,under construction,apartment,56000000,41460530.15,14539469.85
1002,3,1,under construction,apartment,34700000,31641979.64,3058020.365
3154,4,0,ready to move,apartment,50800000,45849294.05,4950705.952
1566,0,0,new,plot,11300000,12217444,-917444
1557,3,1,under construction,apartment,18800000,15829131.43,2970868.571
2398,3,0,ready to move,apartment,41900000,36442771.43,5457228.571
2700,0,0,new,plot,42000000,34739438.81,7260561.194
1875,3,0,ready to move,apartment,20000000,27584584.61,-7584584.608
1602,0,1,new,plot,16900000,15780553.54,1119446.455
1274,3,1,under construction,apartment,24600000,19880211.11,4719788.889
2000,4,0,ready to move,plot,17000000,23411139.61,-6411139.61
1976,3,1,under construction,apartment,39500000,33311934.44,6188065.562
3800,3,0,ready to move,apartment,19500000,54120037.5,-34620037.5
2107,3,1,under construction,apartment,34700000,34700000,0
2650,4,0,ready to move,apartment,15700000,21949675.79,-6249675.794
1200,3,0,ready to move,plot,6000000,5011334.701,988665.2995
2719,4,0,ready to move,plot,37500000,36150000,1350000
1895,3,1,under construction,apartment,37900000,29666255.95,8233744.048
1630,3,1,under construction,apartment,22000000,24928961.41,-2928961.405
4613,4,0,ready to move,apartment,101400000,104195000,-2795000
744,2,1,under construction,apartment,2976000,3641598.333,-665598.3333
1990,4,1,under construction,apartment,42300000,27316000,14984000
1400,2,0,ready to move,apartment,17500000,20094888.96,-2594888.958
3240,4,0,ready to move,plot,27000000,32086978.13,-5086978.134
1050,2,0,ready to move,apartment,14000000,10725587.69,3274412.312
2398,3,0,ready to move,apartment,38300000,36442771.43,1857228.571
1089,0,0,new,plot,14200000,11634833.33,2565166.667
3843,3,0,ready to move,apartment,57600000,77473976.19,-19873976.19
1534,2,0,ready to move,apartment,12500000,11809240.63,690759.3723
1336,3,1,under construction,apartment,28400000,29650489.45,-1250489.455
1951,4,0,ready to move,apartment,23800000,36759429.87,-12959429.87
2843,0,1,new,plot,23300000,27406247.22,-4106247.222
2071,3,1,under construction,apartment,23200000,22429509.87,770490.1349
2400,3,0,ready to move,floor,25000000,18884250.4,6115749.599
1852,3,1,under construction,apartment,18000000,16623430.79,1376569.207
800,2,0,ready to move,apartment,3300000,5471918.008,-2171918.008
6000,4,1,under construction,apartment,150000000,145815330.8,4184669.22
1520,3,0,ready to move,apartment,13000000,11355297.62,1644702.381
1611,3,1,under construction,floor,21500000,21043853.1,456146.9042
2317,4,1,under construction,apartment,23600000,38834338.89,-15234338.89
1528,3,1,under construction,apartment,24200000,17856604.53,6343395.474
2955,4,1,under construction,apartment,32500000,43477000,-10977000
2149,3,0,ready to move,apartment,26500000,25911549.7,588450.2963
1067,2,1,under construction,apartment,9000000,9325485.714,-325485.7143
2420,3,0,ready to move,apartment,27800000,33494659.52,-5694659.524
1528,3,1,under construction,apartment,18300000,17856604.53,443395.4737
1345,2,0,ready to move,apartment,10100000,18322000,-8222000
1836,3,0,ready to move,floor,19500000,18731150,768850
2460,3,1,under construction,apartment,52400000,54629564.29,-2229564.286
1342,2,0,ready to move,plot,6715000,17676066.67,-10961066.67
1292,3,0,ready to move,apartment,15700000,25013799.27,-9313799.27
2882,4,0,ready to move,apartment,61900000,55296555.56,6603444.444
824,2,0,ready to move,apartment,15300000,11938265.33,3361734.667
8521,5,0,ready to move,villa,174100000,199262581,-25162580.95
3240,4,0,ready to move,plot,36000000,32086978.13,3913021.866
250,1,0,ready to move,apartment,1100000,1368000,-268000
1750,2,1,under construction,apartment,35000000,33141383.94,1858616.065
1975,4,0,ready to move,apartment,21200000,35137700.78,-13937700.78
1750,3,0,ready to move,apartment,9500000,16393533.19,-6893533.187
2250,3,0,ready to move,plot,35000000,27814991.07,7185008.927
1800,3,0,ready to move,plot,13700000,15685051.04,-1985051.035
1099,2,1,under construction,apartment,7486000,9588550.09,-2102550.09
2586,4,1,under construction,apartment,84600000,79151000,5449000
2600,4,0,ready to move,plot,21500000,22131592.75,-631592.7483
2528,3,1,under construction,apartment,50500000,48840361.66,1659638.339
2550,4,1,under construction,apartment,28600000,28165184.52,434815.4794
629,2,1,under construction,apartment,8700000,2553126,6146874
2560,3,0,ready to move,apartment,48400000,46423000,1977000
5210,4,0,ready to move,apartment,114600000,102083976.2,12516023.81
2072,3,0,ready to move,apartment,40000000,43131953.24,-3131953.244
4050,0,0,new,plot,91200000,56942000,34258000
1946,3,1,under construction,apartment,38900000,35717221,3182779.003
2085,4,0,ready to move,apartment,18500000,14607000,3893000
8397,5,0,ready to move,villa,141700000,159866750,-18166750
1597,3,0,ready to move,plot,10000000,14740965.88,-4740965.882
1750,3,0,ready to move,plot,8000000,17010165.95,-9010165.945
4140,4,1,under construction,apartment,66800000,57546229.87,9253770.13
3025,3,0,ready to move,apartment,59900000,38385202.38,21514797.62
2438,3,0,ready to move,apartment,39000000,47178845.53,-8178845.527
2295,3,0,ready to move,apartment,47000000,46665961.95,334038.047
2727,4,0,ready to move,apartment,31000000,17027883.7,13972116.3
2300,3,0,ready to move,apartment,41500000,47999036.05,-6499036.053
2045,3,0,ready to move,apartment,32700000,34538146.28,-1838146.284
1020,2,1,under construction,apartment,5625000,8091961.48,-2466961.48
1383,3,1,under construction,apartment,31000000,31000000,0
2800,4,1,under construction,apartment,36400000,41460530.15,-5060530.146
1665,3,1,under construction,apartment,33300000,90715991.45,-57415991.45
1370,3,0,ready to move,apartment,27600000,22260879.23,5339120.774
4500,0,0,resale,plot,35000000,69574636.51,-34574636.51
996,3,1,under construction,apartment,11900000,10740396.22,1159603.784
1638,3,1,under construction,apartment,69900000,69900000,0
1464,4,1,under construction,apartment,44100000,44100000,0
1898,3,1,under construction,apartment,12200000,13119071.64,-919071.6367
7369,4,0,ready to move,apartment,547600000,546615500,984500
1700,3,0,ready to move,plot,13500000,16400613.76,-2900613.761
2025,3,0,ready to move,apartment,33400000,23256691.78,10143308.22
2800,4,1,under construction,apartment,36400000,41460530.15,-5060530.146
2050,3,1,under construction,apartment,16300000,15243094.71,1056905.289
2898,4,0,ready to move,apartment,19300000,32069625.4,-12769625.4
6353,4,1,under construction,apartment,127000000,122970885.5,4029114.492
5323,99,0,new,plot,32500000,50495200,-17995200
1269,2,0,ready to move,apartment,8800000,11099437.9,-2299437.897
1555,3,1,under construction,apartment,32100000,32248198.3,-148198.2952
2095,3,0,ready to move,apartment,26500000,36886506.34,-10386506.34
2985,3,0,ready to move,apartment,35800000,50991242.95,-15191242.95
2273,4,0,ready to move,apartment,33000000,22137996.68,10862003.32
1200,3,0,ready to move,plot,4500000,5011334.701,-511334.7005
2630,4,1,under construction,apartment,38700000,40861748.11,-2161748.109
581,2,1,under construction,apartment,2325000,2370235.815,-45235.81473
5200,4,0,ready to move,apartment,129900000,73245157.05,56654842.95
2505,4,1,under construction,apartment,25700000,24469133.33,1230866.667
540,1,0,ready to move,plot,1275000,1065000,210000
3887,3,0,ready to move,apartment,85500000,76422933.33,9077066.667
3045,3,0,ready to move,apartment,54800000,63574250,-8774250
1449,0,0,resale,plot,17700000,17128200,571800
2300,3,1,under construction,apartment,41500000,39823114.52,1676885.477
3250,4,0,ready to move,apartment,45000000,44685814.49,314185.5145
2004,3,0,ready to move,apartment,35600000,36138787.66,-538787.6623
3469,3,0,ready to move,apartment,76300000,57855978.07,18444021.93
8000,15,0,ready to move,plot,42500000,48067541.67,-5567541.667
3051,3,1,under construction,apartment,50300000,46194073.94,4105926.062
1806,3,1,under construction,apartment,36600000,34985139.95,1614860.047
1665,3,1,under construction,apartment,33300000,90715991.45,-57415991.45
2538,3,1,under construction,apartment,33300000,45732489.19,-12432489.19
3200,4,0,ready to move,plot,29500000,23590071.43,5909928.571
4000,4,0,ready to move,apartment,72400000,76460848.45,-4060848.445
4500,4,0,ready to move,floor,39500000,46225652.44,-6725652.442
1890,3,0,ready to move,apartment,16500000,17161594.59,-661594.5887
1503,3,1,under construction,apartment,17900000,19392058,-1492057.998
1199,2,1,under construction,apartment,7672000,7672000,0
900,2,0,ready to move,plot,4500000,3933813.041,566186.9585
6750,4,0,ready to move,apartment,133100000,89522412.7,43577587.3
1347,3,1,under construction,apartment,22200000,22200000,0
1975,3,1,under construction,apartment,17100000,36229456.16,-19129456.16
2450,4,0,ready to move,apartment,29500000,31122407.29,-1622407.287
2800,4,0,ready to move,floor,42500000,28274852.6,14225147.4
4500,4,0,ready to move,plot,29000000,44230343.31,-15230343.31
1611,3,1,under construction,apartment,21800000,23054776.61,-1254776.61
3078,45,0,resale,plot,41000000,58543789.9,-17543789.9
2095,3,1,under construction,apartment,37700000,27656458.44,10043541.56
1000,1,1,under construction,apartment,15000000,22000000,-7000000
1624,3,0,ready to move,apartment,59200000,56351498.69,2848501.313
1986,3,1,under construction,apartment,17500000,27155437.64,-9655437.637
3844,0,1,new,plot,31600000,36445000,-4845000
1383,3,1,under construction,apartment,31000000,31000000,0
900,2,1,under construction,floor,5500000,5281694.603,218305.3968
1643,3,1,under construction,apartment,7000000,19309841.53,-12309841.53
497,1,1,under construction,apartment,1988000,1878883.333,109116.6667
3000,4,1,under construction,apartment,60000000,65389726.84,-5389726.836
900,2,1,under construction,floor,8500000,5281694.603,3218305.397
1381,2,0,ready to move,apartment,27500000,27606964.04,-106964.0375
1593,3,0,ready to move,apartment,20700000,20491725.47,208274.5324
1539,0,1,new,plot,14500000,14148197.65,351802.3504
1252,95,1,new,plot,10400000,15822123.1,-5422123.095
3618,4,0,ready to move,floor,45000000,40713242.66,4286757.34
396,1,1,under construction,apartment,1396000,1398400,-2400
1348,4,1,under construction,apartment,18000000,44225228.57,-26225228.57
3320,4,0,ready to move,apartment,62800000,62681800,118200
2003,3,0,ready to move,apartment,19900000,26460258.41,-6560258.41
1741,2,0,ready to move,apartment,12600000,15327147.48,-2727147.476
6521,4,0,ready to move,floor,144800000,139327968.5,5472031.543
2147,3,1,under construction,apartment,45700000,44447861.38,1252138.617
1850,3,0,ready to move,plot,15800000,18431948.73,-2631948.732
1530,3,0,ready to move,apartment,6762000,17775896.6,-11013896.6
2055,4,1,under construction,apartment,452100000,137622144.4,314477855.6
4430,4,1,under construction,apartment,76600000,87909940.24,-11309940.24
700,2,0,ready to move,floor,3500000,3182964.286,317035.7143
3950,4,1,under construction,apartment,70000000,76966036.62,-6966036.621
1689,3,0,ready to move,apartment,22700000,20243940.33,2456059.669
4785,4,0,ready to move,apartment,105200000,86008380.95,19191619.05
3986,3,0,ready to move,apartment,87600000,64140269.05,23459730.95
4500,4,0,ready to move,floor,41500000,46225652.44,-4725652.442
6353,4,1,under construction,apartment,127000000,122970885.5,4029114.492
922,3,1,under construction,apartment,6913000,6374908.69,538091.3095
5000,5,0,ready to move,villa,130700000,96773466.67,33926533.33
3395,4,0,ready to move,apartment,84800000,75011890.04,9788109.957
3650,4,0,ready to move,apartment,65700000,58718428.57,6981571.429
5223,4,1,under construction,apartment,96900000,95021510.17,1878489.833
1350,2,0,ready to move,apartment,13500000,15836715.53,-2336715.526
2398,3,0,ready to move,apartment,16500000,36442771.43,-19942771.43
2962,3,0,ready to move,apartment,44400000,64924557.14,-20524557.14
900,2,1,under construction,apartment,2300000,5267407.24,-2967407.24
248,1,0,ready to move,apartment,700000,1368000,-668000
1410,2,0,ready to move,apartment,19900000,16462870.01,3437129.991
6265,5,0,ready to move,apartment,93900000,128024178.6,-34124178.57
6838,5,1,under construction,apartment,126900000,123321530.9,3578469.106
1120,3,1,under construction,apartment,6940000,11261379.1,-4321379.095
646,3,1,under construction,apartment,2632000,2602174.54,29825.45982
2475,4,0,ready to move,apartment,21000000,16390723.02,4609276.983
1975,3,0,ready to move,apartment,55300000,49574000,5726000
1298,0,1,new,plot,11800000,11661030,138970.0033
1250,3,1,under construction,apartment,9544000,9425720.893,118279.1071
1665,3,1,under construction,apartment,23900000,90715991.45,-66815991.45
5000,5,0,ready to move,floor,110000000,97984266.67,12015733.33
6300,8,0,ready to move,plot,45500000,49419800,-3919800
7500,5,0,ready to move,villa,55000000,181225000,-126225000
2073,3,0,ready to move,apartment,57700000,46085099.39,11614900.61
3577,4,1,under construction,apartment,64300000,64300000,0
1000,2,0,ready to move,plot,5500000,6162373.651,-662373.6508
1389,3,1,under construction,apartment,13300000,11472570.87,1827429.128
2095,3,0,ready to move,apartment,42500000,36886506.34,5613493.661
2000,3,0,ready to move,floor,13500000,16036520.25,-2536520.251
6000,6,0,ready to move,apartment,80000000,83787388.89,-3787388.889
1852,3,1,under construction,apartment,9950000,16623430.79,-6673430.793
2350,3,0,ready to move,apartment,16600000,22536977.64,-5936977.636
1800,3,0,ready to move,apartment,18000000,19724577.88,-1724577.88
4220,4,0,ready to move,apartment,47500000,57005327.49,-9505327.489
1390,2,0,ready to move,apartment,28000000,24432066.9,3567933.096
1611,0,1,new,plot,11600000,14712713.81,-3112713.811
2700,3,0,ready to move,apartment,25000000,36388383.14,-11388383.14
1997,3,0,ready to move,apartment,14600000,17146643.92,-2546643.921
2408,3,1,under construction,apartment,13900000,26249943.61,-12349943.61
1125,0,0,new,plot,16200000,6934298.286,9265701.714
1800,3,0,ready to move,floor,23000000,23304362.67,-304362.6731
2637,4,1,under construction,apartment,18000000,33319231.58,-15319231.58
1440,3,1,under construction,apartment,14400000,9270145.345,5129854.655
3200,4,0,ready to move,plot,33000000,23590071.43,9409928.571
2768,4,0,ready to move,apartment,49800000,16875000,32925000
6454,6,1,new,plot,91600000,95111445.76,-3511445.762
4500,4,0,ready to move,apartment,25200000,49694155.89,-24494155.89
1630,3,1,under construction,apartment,22000000,24928961.41,-2928961.405
1490,3,0,ready to move,apartment,15500000,10934801.33,4565198.667
1370,3,0,ready to move,apartment,27600000,22260879.23,5339120.774
1665,3,1,under construction,apartment,33300000,90715991.45,-57415991.45
1227,3,0,ready to move,apartment,25500000,22322977.5,3177022.504
1950,3,1,under construction,apartment,18900000,18747069.8,152930.2004
2550,3,0,ready to move,apartment,27400000,34358234.76,-6958234.759
2380,3,1,under construction,apartment,42800000,40925559.64,1874440.357
1000,2,0,ready to move,plot,3550000,6162373.651,-2612373.651
2711,4,0,ready to move,plot,37500000,36330000,1170000
1310,2,0,ready to move,apartment,28900000,19623664.96,9276335.036
1250,2,0,ready to move,apartment,9800000,16196137.88,-6396137.879
3322,3,0,ready to move,apartment,53100000,58185625,-5085625
1408,4,1,under construction,apartment,13600000,23684000,-10084000
2369,3,0,ready to move,apartment,24400000,31778100,-7378100
4175,4,1,under construction,apartment,60000000,72358500,-12358500
1465,2,1,under construction,apartment,11800000,16684318.01,-4884318.009
3150,4,0,ready to move,apartment,25200000,44803758.91,-19603758.91
2857,4,0,ready to move,apartment,61400000,51219104.76,10180895.24
3695,4,0,ready to move,apartment,53500000,40719700.78,12780299.22
1700,3,0,ready to move,apartment,22400000,23652373,-1252372.997
431,1,1,under construction,apartment,1600000,1651520,-51520
2200,3,0,ready to move,plot,23000000,21729582.07,1270417.927
1983,3,0,ready to move,apartment,10200000,35825138.97,-25625138.97
2015,3,1,under construction,apartment,26200000,36472130.47,-10272130.47
2882,3,0,ready to move,apartment,31200000,60085100.93,-28885100.93
1950,4,0,ready to move,apartment,39300000,28832840.1,10467159.9
2067,3,0,ready to move,apartment,19500000,17432278.41,2067721.591
1472,0,1,new,plot,12500000,12641875,-141875
2704,4,0,ready to move,apartment,41500000,57348003.82,-15848003.82
1572,2,0,ready to move,apartment,14200000,11564750,2635250
3680,4,1,under construction,apartment,68200000,63681106.75,4518893.246
2650,4,0,ready to move,floor,27000000,28041499.18,-1041499.18
1206,0,1,new,plot,11300000,10913020,386980
2200,3,1,under construction,apartment,28600000,29085205.99,-485205.9857
7000,5,0,ready to move,villa,70000000,70582321.43,-582321.4286
4500,0,0,new,plot,27300000,44581150.45,-17281150.45
1359,3,1,under construction,apartment,18000000,16663282.92,1336717.082
1503,3,1,under construction,apartment,19900000,19392058,507942.0024
3090,3,0,ready to move,apartment,57100000,57136865.87,-36865.87302
1518,3,1,under construction,apartment,18200000,18367693.66,-167693.657
5870,5,0,ready to move,apartment,63200000,74773845.24,-11573845.24
1213,2,1,under construction,apartment,11000000,15015682.14,-4015682.137
2122,3,0,ready to move,apartment,18500000,16446648.04,2053351.961
1300,2,0,ready to move,apartment,11500000,13105765.79,-1605765.793
1672,3,1,under construction,apartment,17500000,21128004.53,-3628004.529
5092,4,0,ready to move,apartment,112000000,93897439.74,18102560.26
3986,3,0,ready to move,apartment,43400000,64140269.05,-20740269.05
1225,3,1,under construction,apartment,32500000,24817792.17,7682207.833
6541,5,0,ready to move,floor,154400000,180875414.6,-26475414.56
6565,5,0,ready to move,apartment,62500000,111212366.7,-48712366.67
1593,3,0,ready to move,apartment,20700000,20491725.47,208274.5324
4140,4,1,under construction,apartment,45500000,57546229.87,-12046229.87
3865,4,1,under construction,apartment,23700000,54509919.48,-30809919.48
4500,1,0,resale,plot,82500000,46367251.26,36132748.74
7400,5,0,ready to move,villa,56000000,100670850,-44670850
2528,3,1,under construction,apartment,50500000,48840361.66,1659638.339
2191,4,0,ready to move,apartment,31000000,26621648.55,4378351.454
4200,4,0,ready to move,apartment,55000000,74217454.93,-19217454.93
2600,3,1,under construction,apartment,42900000,38552589.97,4347410.028
1976,3,1,under construction,apartment,39500000,33311934.44,6188065.562
1751,4,1,under construction,apartment,65500000,65500000,0
865,2,0,ready to move,apartment,8061000,7335364,725636
3400,5,0,ready to move,apartment,43000000,51851036.44,-8851036.436
2952,3,0,ready to move,apartment,64900000,59982838.96,4917161.039
2100,3,0,ready to move,plot,14200000,17949891.23,-3749891.234
3854,4,0,ready to move,villa,39500000,72729063.25,-33229063.25
2595,3,0,ready to move,apartment,57000000,51387915.95,5612084.046
1251,0,0,new,plot,9000000,9271924.988,-271924.9881
3850,3,0,ready to move,apartment,84700000,81773504.55,2926495.455
2317,4,0,ready to move,apartment,12900000,15782400,-2882400
2662,3,0,ready to move,apartment,42500000,41969988.1,530011.9048
1269,2,0,ready to move,apartment,7100000,11099437.9,-3999437.897
2250,3,1,under construction,apartment,39300000,36914399.1,2385600.904
2450,4,0,ready to move,apartment,26000000,31122407.29,-5122407.287
1350,0,0,new,plot,13500000,9701291.222,3798708.778
2185,3,0,ready to move,plot,41000000,22300667.79,18699332.21
1200,3,0,ready to move,plot,4500000,5011334.701,-511334.7005
2588,3,1,under construction,apartment,37500000,32659879.76,4840120.238
2700,4,0,ready to move,floor,46000000,33102992.25,12897007.75
2768,3,0,ready to move,apartment,59500000,55712088.89,3787911.111
6400,5,0,ready to move,villa,50000000,163980000,-113980000
4902,4,0,ready to move,apartment,107800000,103258535.7,4541464.286
2370,2,0,ready to move,apartment,90000000,79065650,10934350
2000,3,0,ready to move,apartment,13000000,22404956.4,-9404956.402
1550,2,0,ready to move,apartment,15000000,14165815.83,834184.1719
2400,3,1,under construction,apartment,31200000,29776960.05,1423039.949
2134,3,0,ready to move,apartment,17200000,39924444.3,-22724444.3
6899,5,0,ready to move,villa,116400000,103702966.7,12697033.33
4184,4,0,ready to move,apartment,30000000,85184143.07,-55184143.07
1711,3,0,ready to move,apartment,35000000,30843499.71,4156500.289
1215,2,0,ready to move,apartment,15200000,15098227.27,101772.7339
561,2,1,under construction,apartment,2286000,2252341.905,33658.09524
2368,4,1,under construction,floor,25000000,15598191.89,9401808.105
3000,4,0,ready to move,apartment,49000000,29930255.4,19069744.6
1210,1,0,under construction,apartment,15700000,12448595.55,3251404.452
1350,1,0,resale,plot,21000000,15316947.62,5683052.381
870,1,0,ready to move,apartment,9570000,8317474,1252526
10000,6,0,ready to move,apartment,156000000,158816834.5,-2816834.471
11505,5,0,ready to move,apartment,253100000,213010100,40089900
1500,3,1,under construction,apartment,24700000,16287552.84,8412447.161
1350,0,0,new,plot,9749000,9701291.222,47708.77768
2100,4,1,under construction,apartment,13800000,203597700.8,-189797700.8
3600,4,1,under construction,apartment,55000000,55024500,-24500
3344,3,0,ready to move,apartment,73500000,64513466.67,8986533.333
2700,4,0,ready to move,plot,23800000,29281084.39,-5481084.394
4518,4,0,ready to move,floor,45000000,51677722.59,-6677722.589
3836,3,0,ready to move,apartment,84300000,70789586.59,13510413.41
1550,3,0,ready to move,plot,15900000,12312864.58,3587135.417
1611,3,1,under construction,floor,21500000,21043853.1,456146.9042
3044,4,0,ready to move,apartment,38100000,37635333.33,464666.6667
981,2,1,under construction,apartment,8500000,9971850.279,-1471850.279
1250,3,1,under construction,apartment,7449000,9425720.893,-1976720.893
1275,2,0,ready to move,apartment,7041000,8888333.169,-1847333.169
5900,4,0,ready to move,villa,82700000,88953225,-6253225
2004,3,0,ready to move,apartment,44300000,36138787.66,8161212.338
1726,4,1,under construction,apartment,52000000,52000000,0
1629,2,0,ready to move,apartment,34200000,30667333.33,3532666.667
2129,3,0,ready to move,apartment,43000000,35492725.51,7507274.489
1350,0,0,resale,plot,17200000,15434514.29,1765485.714
2800,4,0,ready to move,apartment,22500000,28623678.57,-6123678.571
2122,3,0,ready to move,apartment,19000000,16446648.04,2553351.961
1855,3,1,under construction,apartment,28500000,22955183.58,5544816.417
4000,3,0,ready to move,apartment,88000000,58808052.14,29191947.86
1711,3,0,ready to move,apartment,33000000,30843499.71,2156500.289
2050,3,0,ready to move,plot,36000000,23130804.51,12869195.49
1269,2,1,under construction,apartment,7867000,7968857.144,-101857.1443
1527,3,0,ready to move,apartment,15600000,15426690,173310
1433,2,0,ready to move,apartment,31600000,27835872.62,3764127.381
1745,3,0,ready to move,apartment,48600000,27478072.91,21121927.09
4500,4,0,ready to move,floor,53900000,46225652.44,7674347.558
1192,2,1,under construction,apartment,7627000,7749658.095,-122658.0952
1426,3,0,ready to move,apartment,39700000,30339444.16,9360555.844
5000,5,0,ready to move,plot,75000000,51099000,23901000
1368,0,0,new,plot,18600000,14808605.62,3791394.375
1852,3,1,under construction,apartment,16400000,16623430.79,-223430.7932
1310,2,0,ready to move,apartment,13500000,19623664.96,-6123664.964
1200,3,0,ready to move,plot,4500000,5011334.701,-511334.7005
900,2,0,ready to move,apartment,3500000,4686415.34,-1186415.34
1464,4,1,under construction,apartment,44100000,44100000,0
2631,4,0,ready to move,apartment,28000000,33904800,-5904800
5866,5,0,ready to move,apartment,276800000,74840845.24,201959154.8
1456,2,0,ready to move,apartment,21500000,8741260.823,12758739.18
4050,0,0,new,plot,26900000,56942000,-30042000
1750,3,0,ready to move,apartment,19700000,16393533.19,3306466.813
1711,3,1,under construction,apartment,17600000,19925678.5,-2325678.497
2282,3,1,under construction,apartment,41000000,39150317.04,1849682.963
1855,4,0,ready to move,apartment,25900000,25900000,0
2781,3,0,ready to move,apartment,51400000,47571486.61,3828513.389
1578,2,1,under construction,apartment,150000000,11016458.1,138983541.9
2600,3,1,under construction,apartment,42900000,38552589.97,4347410.028
1211,2,1,under construction,apartment,9231000,9294106.429,-63106.42857
1225,3,1,under construction,apartment,26000000,24817792.17,1182207.833
1566,2,1,under construction,apartment,18700000,13850992.86,4849007.143
1428,3,0,ready to move,apartment,12100000,29027580.95,-16927580.95
2295,3,0,ready to move,apartment,53000000,46665961.95,6334038.047
950,2,0,ready to move,apartment,6000000,4846367.999,1153632.001
1789,3,0,ready to move,apartment,18500000,20438242.38,-1938242.382
542,2,1,under construction,apartment,2166000,2165528.333,471.6666667
955,2,0,ready to move,apartment,8175000,10118346.46,-1943346.464
2651,3,0,ready to move,apartment,71500000,36274584.42,35225415.58
900,1,0,ready to move,apartment,4050000,5564927.08,-1514927.08
1503,3,0,ready to move,apartment,21400000,16902819.7,4497180.303
1967,3,1,under construction,apartment,39300000,38328610.09,971389.909
2095,4,0,ready to move,plot,32500000,31606000,894000
1731,4,1,under construction,apartment,68400000,68400000,0
1423,3,1,under construction,apartment,7799000,11138210.88,-3339210.884
2400,3,0,ready to move,plot,7999000,21660243.64,-13661243.64
2215,3,0,ready to move,apartment,29000000,26756949.21,2243050.788
3243,4,1,under construction,apartment,60100000,57820911.26,2279088.738
1740,4,0,ready to move,apartment,34800000,20644820.24,14155179.76
1967,3,1,under construction,apartment,39300000,38328610.09,971389.909
1500,2,0,ready to move,apartment,11700000,8701413.065,2998586.935
3795,4,0,ready to move,apartment,25400000,66841924.77,-41441924.77
7452,5,1,under construction,apartment,138300000,136527342.3,1772657.692
5036,5,0,ready to move,villa,97700000,112361000,-14661000
2700,3,0,ready to move,floor,12500000,20160580.5,-7660580.503
690,2,1,under construction,apartment,2387000,3654096.167,-1267096.167
1751,3,0,ready to move,apartment,9000000,15232196.76,-6232196.764
4518,5,0,ready to move,plot,32000000,55029845.24,-23029845.24
4500,0,0,new,plot,64900000,44581150.45,20318849.55
3243,4,1,under construction,apartment,60100000,57820911.26,2279088.738
1210,3,0,ready to move,floor,9500000,8493579.746,1006420.254
2360,3,1,under construction,apartment,37700000,37700000,0
675,2,1,under construction,apartment,2381000,2426504.286,-45504.28571
1432,3,1,under construction,apartment,27800000,23362244.33,4437755.667
1215,2,1,under construction,apartment,8700000,9680188.65,-980188.6503
1800,3,0,ready to move,plot,20000000,15685051.04,4314948.965
1330,2,1,under construction,apartment,14000000,102130765.5,-88130765.51
1350,2,1,under construction,apartment,18000000,12695516.67,5304483.333
642,3,1,under construction,apartment,2566000,2561658.5,4341.5
1233,0,0,resale,plot,123000,17190000,-17067000
577,2,1,under construction,apartment,2347000,2342870.666,4129.334435
6900,4,0,ready to move,apartment,117300000,113578976.2,3721023.81
508,2,1,under construction,apartment,2082000,2081376.726,623.2741703
2700,4,1,under construction,apartment,45000000,54226566.61,-9226566.614
2206,3,1,under construction,apartment,34400000,35155590.35,-755590.3461
1368,2,1,under construction,apartment,9380000,9273972.33,106027.67
1755,3,0,ready to move,apartment,15000000,14694423.38,305576.6234
2528,3,1,under construction,apartment,50500000,48840361.66,1659638.339
2313,4,0,ready to move,floor,47000000,25521387.25,21478612.75
2460,3,1,under construction,apartment,52400000,54629564.29,-2229564.286
2325,4,0,ready to move,apartment,13700000,15948900,-2248900
1190,3,1,under construction,apartment,10800000,13932698.97,-3132698.966
4615,4,0,ready to move,apartment,142200000,134387000,7813000
1650,3,0,ready to move,apartment,9000000,17824483.18,-8824483.179
672,2,1,under construction,apartment,2419000,2537861.746,-118861.746
2800,4,1,under construction,apartment,36400000,41460530.15,-5060530.146
2319,3,0,ready to move,apartment,20000000,58733000,-38733000
1298,3,0,ready to move,apartment,9400000,10227458.04,-827458.042
4539,3,0,ready to move,apartment,68000000,99983714.29,-31983714.29
1555,3,1,under construction,apartment,32100000,32248198.3,-148198.2952
817,2,1,under construction,apartment,12000000,13834699.95,-1834699.952
1440,0,1,new,plot,13500000,14725652.75,-1225652.747
2677,3,0,ready to move,apartment,43000000,42800000,200000
1197,0,1,new,plot,11300000,11273540,26460
3700,3,0,ready to move,apartment,42600000,64360736.11,-21760736.11
990,2,0,ready to move,apartment,12800000,15946568.98,-3146568.978
2560,4,1,under construction,apartment,11900000,28700000,-16800000
2300,3,0,ready to move,apartment,14900000,47999036.05,-33099036.05
2443,4,0,ready to move,apartment,20500000,30285216.67,-9785216.667
2200,3,1,under construction,apartment,28600000,29085205.99,-485205.9857
900,0,0,new,plot,9000000,2485890.348,6514109.652
1562,2,1,under construction,floor,12000000,11927165.52,72834.47619
4140,4,1,under construction,apartment,66800000,57546229.87,9253770.13
9000,5,0,ready to move,penthouse,250000000,102137690.5,147862309.5
1518,3,1,under construction,apartment,18200000,18367693.66,-167693.657
1152,0,1,new,plot,8319000,10643476.97,-2324476.973
1602,0,0,new,plot,24000000,15168642.86,8831357.143
2779,4,0,ready to move,apartment,17500000,26916347.58,-9416347.583
1665,3,1,under construction,apartment,21600000,90715991.45,-69115991.45
1677,2,0,ready to move,apartment,41900000,45055000,-3155000
7500,5,0,ready to move,apartment,270000000,173546000,96454000
2800,4,1,under construction,apartment,36400000,41460530.15,-5060530.146
2700,4,0,ready to move,apartment,35000000,36457846.84,-1457846.841
1579,3,0,ready to move,apartment,33500000,29304011.9,4195988.095
6297,0,0,new,plot,52400000,192633377,-140233377
735,2,1,under construction,apartment,8629000,7234760,1394240
2535,4,0,ready to move,apartment,18000000,15083151.19,2916848.81
2360,3,1,under construction,apartment,37700000,37700000,0
810,0,0,new,plot,1290000,6575439.488,-5285439.488
1620,0,0,new,plot,21200000,15929080.74,5270919.264
3075,4,1,under construction,apartment,50700000,53136982.14,-2436982.143
915,2,0,ready to move,apartment,7000000,10550986.02,-3550986.023
2847,4,0,ready to move,apartment,48300000,40105895.4,8194104.595
600,2,0,ready to move,apartment,4000000,4567366,-567366
2720,4,0,ready to move,apartment,56500000,56500000,0
1200,2,1,under construction,apartment,19800000,12470603.21,7329396.789
2110,3,0,ready to move,apartment,13700000,33479378.97,-19779378.97
2588,3,0,ready to move,apartment,39000000,45265533.33,-6265533.333
1420,2,1,under construction,apartment,20900000,20080489.71,819510.2907
1869,3,0,ready to move,apartment,55900000,12943105.79,42956894.21
4500,4,0,ready to move,apartment,45000000,49694155.89,-4694155.889
1383,3,1,under construction,apartment,31000000,31000000,0
1357,3,1,under construction,apartment,55900000,41673831.78,14226168.22
2800,4,1,under construction,apartment,36400000,41460530.15,-5060530.146
3150,4,0,ready to move,apartment,35000000,44803758.91,-9803758.91
3850,4,1,under construction,apartment,54600000,60349404.48,-5749404.485
3192,4,0,ready to move,apartment,22000000,43510722.24,-21510722.24
2700,0,0,new,plot,22400000,34739438.81,-12339438.81
2430,4,0,ready to move,floor,45000000,32685253.43,12314746.57
3850,3,0,ready to move,apartment,57700000,81773504.55,-24073504.55
2277,3,0,ready to move,apartment,51400000,35095964.29,16304035.71
1555,3,1,under construction,apartment,32100000,32248198.3,-148198.2952
3680,4,1,under construction,apartment,68200000,63681106.75,4518893.246
3652,3,0,ready to move,apartment,80300000,74982412.7,5317587.302
4742,4,0,ready to move,apartment,51600000,75101526.98,-23501526.98
1830,3,0,ready to move,apartment,11700000,13155946.97,-1455946.97
1812,3,0,ready to move,apartment,31400000,21244355.9,10155644.1
1676,2,0,ready to move,apartment,50000000,46848000,3152000
2595,3,0,ready to move,apartment,42800000,51387915.95,-8587915.954
1091,3,1,under construction,apartment,37800000,31239458.39,6560541.608
3000,3,0,ready to move,apartment,80800000,67585920.08,13214079.92
1573,2,1,under construction,apartment,16000000,14659104.76,1340895.238
2400,3,0,ready to move,apartment,31200000,30126021.47,1073978.527
910,3,0,ready to move,apartment,6000000,14250150,-8250150
5800,4,0,ready to move,apartment,52500000,83063231.06,-30563231.06
1975,3,1,under construction,apartment,34100000,36229456.16,-2129456.155
2500,4,1,under construction,floor,37500000,24417133.33,13082866.67
2600,4,0,ready to move,plot,12000000,22131592.75,-10131592.75
1449,2,0,ready to move,apartment,20000000,19856693.34,143306.6555
1525,2,1,under construction,apartment,18300000,17597333.33,702666.6667
1190,2,0,ready to move,apartment,14200000,17903163.33,-3703163.333
3240,4,0,ready to move,plot,34500000,32086978.13,2413021.866
1593,3,1,under construction,apartment,19000000,19652693.83,-652693.8312
4944,4,0,ready to move,apartment,108700000,75973797.08,32726202.92
5492,4,0,ready to move,apartment,120800000,89359866.67,31440133.33
2502,3,0,ready to move,plot,30000000,30876723.48,-876723.4848
1079,2,0,ready to move,apartment,9200000,8903166.667,296833.3333
4752,4,0,ready to move,floor,55000000,51896000,3104000
4038,4,1,under construction,apartment,74900000,73293033.23,1606966.769
3250,4,1,under construction,apartment,40600000,45237441.47,-4637441.468
2666,4,0,ready to move,apartment,55000000,24986599.17,30013400.83
1269,2,1,under construction,apartment,7500000,7968857.144,-468857.1443
2450,4,0,ready to move,apartment,29500000,31122407.29,-1622407.287
1677,3,1,under construction,apartment,44000000,18455434.52,25544565.48
2025,3,1,under construction,apartment,12300000,15775533.33,-3475533.333
1967,3,1,under construction,apartment,34000000,38328610.09,-4328610.091
2160,3,0,ready to move,apartment,20500000,15533794.44,4966205.556
1250,1,1,under construction,apartment,27500000,27500000,0
4000,4,0,ready to move,apartment,72000000,76460848.45,-4460848.445
2095,3,1,under construction,apartment,26600000,27656458.44,-1056458.442
2071,3,1,under construction,apartment,23200000,22429509.87,770490.1349
1518,4,1,under construction,apartment,24500000,20898936.18,3601063.822
1800,2,0,ready to move,plot,9500000,16476223.62,-6976223.618
1657,4,1,under construction,apartment,14000000,23702250,-9702250
2600,4,0,ready to move,floor,26000000,25213239.68,786760.3175
2200,3,0,ready to move,plot,23500000,21729582.07,1770417.927
1975,3,1,under construction,apartment,39500000,36229456.16,3270543.845
2000,3,0,ready to move,floor,12500000,16036520.25,-3536520.251
2367,0,0,resale,plot,34100000,33995950,104050
2283,5,1,under construction,apartment,37600000,37600000,0
1760,3,0,ready to move,apartment,9856000,12111324.34,-2255324.345
2107,3,1,under construction,apartment,34700000,34700000,0
6565,5,0,ready to move,apartment,62500000,111212366.7,-48712366.67
2595,3,0,ready to move,apartment,57000000,51387915.95,5612084.046
4100,5,1,under construction,apartment,52700000,59179524.12,-6479524.117
1836,3,0,ready to move,apartment,14500000,16654675.4,-2154675.397
3330,4,0,ready to move,plot,42500000,32293928.57,10206071.43
1300,2,1,under construction,apartment,26000000,95513421.81,-69513421.81
3150,5,0,ready to move,villa,68600000,61226101.53,7373898.47
2015,3,1,under construction,apartment,40800000,36472130.47,4327869.529
2700,4,0,ready to move,apartment,31000000,36457846.84,-5457846.841
3200,4,0,ready to move,house,30000000,33503317.31,-3503317.308
1900,4,1,under construction,apartment,40400000,35083998.41,5316001.587
4500,4,0,ready to move,floor,41200000,46225652.44,-5025652.442
1494,2,1,under construction,apartment,8700000,11484593.96,-2784593.958
2385,0,0,new,plot,27200000,30722515.78,-3522515.78
4054,4,1,under construction,apartment,75200000,73482187.88,1717812.121
3375,4,0,ready to move,apartment,28000000,57190787.88,-29190787.88
2700,4,0,ready to move,apartment,54000000,36457846.84,17542153.16
1350,6,0,resale,plot,12900000,15588000,-2688000
2200,3,1,under construction,apartment,28600000,29085205.99,-485205.9857
2160,4,0,ready to move,plot,26500000,21610081.56,4889918.437
1975,3,1,under construction,apartment,39500000,36229456.16,3270543.845
1980,3,0,ready to move,apartment,17500000,18664444.44,-1164444.444
1109,3,1,under construction,apartment,38400000,38400000,0
1981,4,1,under construction,apartment,35600000,37296000,-1696000
1614,3,1,under construction,apartment,13900000,14203000,-303000
1264,2,0,ready to move,apartment,9100000,10820638.43,-1720638.425
486,3,0,ready to move,plot,7200000,5781908.667,1418091.333
4650,4,0,ready to move,apartment,39500000,47175033.37,-7675033.369
3975,4,1,under construction,apartment,48200000,50712333.33,-2512333.333
7525,15,0,ready to move,house,38700000,128980200,-90280200
1726,4,1,under construction,apartment,52000000,52000000,0
1300,2,0,ready to move,apartment,6000000,13105765.79,-7105765.793
2400,4,0,ready to move,apartment,11000000,24643279.52,-13643279.52
2785,3,0,ready to move,apartment,79400000,76120877.45,3279122.552
2475,4,0,ready to move,apartment,26500000,16390723.02,10109276.98
683,1,0,ready to move,apartment,9186000,5963050,3222950
1665,3,1,under construction,apartment,9900000,90715991.45,-80815991.45
1512,3,0,ready to move,apartment,42100000,38093844.84,4006155.159
1692,3,0,ready to move,apartment,21100000,21667532.14,-567532.1429
1485,0,1,new,plot,13200000,13147000,53000
1457,2,0,ready to move,apartment,11100000,12148048.6,-1048048.604
1797,4,1,under construction,apartment,34800000,38457862.33,-3657862.334
838,3,1,under construction,apartment,2630000,6059876.667,-3429876.667
1877,3,0,ready to move,apartment,26600000,24795286.7,1804713.298
2275,5,1,under construction,apartment,37500000,37500000,0
1508,2,0,ready to move,apartment,31500000,29869955.74,1630044.264
1750,3,0,ready to move,floor,18000000,15424076.19,2575923.81
2430,4,0,ready to move,floor,32500000,32685253.43,-185253.4271
2200,4,0,ready to move,floor,17700000,24684142.86,-6984142.857
2637,4,1,under construction,apartment,42500000,33319231.58,9180768.417
1494,2,0,ready to move,apartment,8700000,14136179.6,-5436179.603
1900,4,1,under construction,apartment,23500000,35083998.41,-11583998.41
11500,7,0,ready to move,penthouse,120000000,518987063.5,-398987063.5
1200,3,0,ready to move,plot,3600000,5011334.701,-1411334.701
2538,3,1,under construction,apartment,50700000,45732489.19,4967510.805
1620,3,0,ready to move,apartment,15000000,14619134.52,380865.4762
1470,3,0,ready to move,floor,21300000,16680950.32,4619049.683
2025,3,1,under construction,apartment,13000000,15775533.33,-2775533.333
2510,4,1,under construction,apartment,50200000,50313205.83,-113205.832
1692,3,1,under construction,apartment,11500000,13916212.49,-2416212.491
1371,3,0,ready to move,apartment,13000000,13660346.92,-660346.917
3695,4,1,under construction,apartment,60900000,67775328.72,-6875328.723
4400,4,0,ready to move,apartment,83600000,70994880.23,12605119.77
2595,4,0,ready to move,apartment,14200000,21785477.81,-7585477.807
915,2,0,ready to move,apartment,11800000,10550986.02,1249013.977
3487,4,1,under construction,apartment,20800000,30735505.95,-9935505.952
2230,2,0,ready to move,apartment,33400000,43513514.29,-10113514.29
6096,5,1,under construction,apartment,113100000,109854382,3245617.962
900,0,0,resale,plot,22000000,8077157.439,13922842.56
1800,3,1,under construction,apartment,38400000,24618030.85,13781969.15
2177,3,0,ready to move,apartment,14200000,19614000,-5414000
6828,5,1,under construction,apartment,126700000,122574098,4125901.965
4548,4,0,ready to move,apartment,54000000,53968792.06,31207.93651
3125,4,0,ready to move,apartment,27900000,50394123.81,-22494123.81
1440,3,1,under construction,apartment,9181000,9270145.345,-89145.34488
5866,5,0,ready to move,apartment,276800000,74840845.24,201959154.8
1210,2,0,ready to move,apartment,7865000,9005938.319,-1140938.319
2937,3,1,under construction,apartment,43000000,52102068.21,-9102068.209
1800,0,0,new,plot,18000000,11752810.24,6247189.758
2600,3,1,under construction,apartment,16700000,38552589.97,-21852589.97
1640,3,0,ready to move,apartment,24800000,18594012.62,6205987.385
1650,3,1,under construction,apartment,23500000,166609732,-143109732
2004,3,0,ready to move,apartment,44300000,36138787.66,8161212.338
1180,3,1,under construction,apartment,13400000,13855953.64,-455953.6364
2400,4,0,ready to move,apartment,26400000,24643279.52,1756720.482
1405,3,1,under construction,apartment,25200000,25123000,77000
1518,3,1,under construction,apartment,18200000,18367693.66,-167693.657
3600,4,0,ready to move,floor,28800000,41665880.93,-12865880.93
4000,3,0,ready to move,apartment,88000000,58808052.14,29191947.86
2650,3,0,ready to move,apartment,22500000,36274584.42,-13774584.42
1692,3,0,ready to move,apartment,21100000,21667532.14,-567532.1429
1190,2,1,under construction,apartment,13300000,10847581.67,2452418.333
2500,3,1,under construction,apartment,35600000,50282662,-14682662
2150,3,0,ready to move,apartment,15500000,22816075.76,-7316075.76
1310,2,0,ready to move,apartment,13100000,19623664.96,-6523664.964
1530,0,0,new,plot,13600000,15688282.11,-2088282.105
3096,99,0,new,plot,17800000,20074175,-2274175
2630,4,1,under construction,apartment,38700000,40861748.11,-2161748.109
2249,4,1,under construction,apartment,44900000,174563819.8,-129663819.8
1895,3,0,ready to move,apartment,37900000,24001246.83,13898753.17
1998,4,0,ready to move,apartment,28300000,28300000,0
1433,2,0,ready to move,apartment,31600000,27835872.62,3764127.381
2120,3,0,ready to move,apartment,12500000,14487394.01,-1987394.007
7582,5,1,under construction,apartment,140700000,136973166.5,3726833.451
4400,4,0,ready to move,apartment,60000000,70994880.23,-10994880.23
1211,3,1,under construction,apartment,5944000,7848811.31,-1904811.31
1789,3,0,ready to move,apartment,24000000,20438242.38,3561757.618
2445,3,1,under construction,apartment,39100000,39100000,0
1215,2,0,ready to move,apartment,15000000,15098227.27,-98227.26612
2925,4,0,ready to move,apartment,19500000,27331357.04,-7831357.037
2350,3,1,under construction,apartment,26400000,37734696.45,-11334696.45
1950,3,0,ready to move,apartment,11000000,26307433.65,-15307433.65
2100,3,0,ready to move,floor,26000000,20509083.33,5490916.667
2450,3,0,ready to move,apartment,85000000,37054169.84,47945830.16
2670,4,1,under construction,apartment,53400000,50648688.31,2751311.688
2129,3,0,ready to move,apartment,43000000,35492725.51,7507274.489
1726,4,1,under construction,apartment,52000000,52000000,0
2700,4,0,ready to move,apartment,23000000,36457846.84,-13457846.84
3850,4,1,under construction,apartment,54600000,60349404.48,-5749404.485
2200,4,0,ready to move,plot,16500000,19673050.41,-3173050.411
9000,5,0,ready to move,apartment,198000000,223129789.8,-25129789.79
679,2,1,under construction,apartment,2414000,2706760,-292760
1930,3,0,ready to move,apartment,27500000,16223529.13,11276470.87
3888,3,0,ready to move,apartment,42300000,75740057.14,-33440057.14
3500,3,0,ready to move,apartment,70000000,66392651.19,3607348.81
2700,3,1,under construction,apartment,21500000,50188985.23,-28688985.23
4038,4,1,under construction,apartment,74900000,73293033.23,1606966.769
2370,2,0,ready to move,apartment,90000000,79065650,10934350
2089,4,1,under construction,apartment,56500000,43537263.54,12962736.46
2963,4,0,ready to move,apartment,66300000,79968356.64,-13668356.64
4100,5,1,under construction,apartment,52700000,59179524.12,-6479524.117
1213,2,1,under construction,apartment,14700000,15015682.14,-315682.1374
3529,4,0,ready to move,apartment,134000000,130717000,3283000
2600,3,1,under construction,apartment,29000000,38552589.97,-9552589.972
1343,3,0,ready to move,apartment,37400000,34206593.33,3193406.667
2282,3,1,under construction,apartment,41000000,39150317.04,1849682.963
1800,3,0,ready to move,plot,14500000,15685051.04,-1185051.035
6343,5,0,ready to move,apartment,95100000,82551153.14,12548846.86
4500,0,0,new,plot,76500000,44581150.45,31918849.55
900,2,0,ready to move,plot,3500000,3933813.041,-433813.0415
1575,6,1,new,plot,22300000,22053101.37,246898.6291
2082,3,0,ready to move,apartment,30000000,24468023.81,5531976.19
3000,5,0,ready to move,plot,23500000,22207608.33,1292391.667
1440,4,0,ready to move,plot,16500000,18846950,-2346950
835,3,1,under construction,apartment,2630000,4005513.333,-1375513.333
1550,2,0,ready to move,apartment,11300000,14165815.83,-2865815.828
4775,5,0,ready to move,apartment,90400000,86807000,3593000
2290,3,1,under construction,apartment,42500000,40442365.75,2057634.245
1095,2,1,under construction,apartment,8900000,9487387.289,-587387.289
1075,2,0,ready to move,apartment,8200000,8547916.667,-347916.6667
1222,2,1,under construction,apartment,7819000,7819780,-780
1760,3,0,ready to move,apartment,18000000,12111324.34,5888675.655
500,2,0,ready to move,apartment,3000000,3682687.143,-682687.1429
1968,4,1,under construction,apartment,13000000,25952000,-12952000
3799,3,0,ready to move,apartment,40000000,69364024.89,-29364024.89
1946,3,1,under construction,apartment,19500000,35717221,-16217221
1250,1,1,under construction,apartment,27500000,27500000,0
2570,4,1,under construction,apartment,35800000,39752856.55,-3952856.549
3890,4,1,under construction,apartment,72100000,69744848.69,2355151.309
2054,3,1,under construction,apartment,30700000,34912798.38,-4212798.377
2015,3,1,under construction,apartment,40800000,36472130.47,4327869.529
4518,0,0,resale,plot,80000000,85846077.36,-5846077.362
990,2,0,ready to move,apartment,12800000,15946568.98,-3146568.978
3043,3,0,ready to move,apartment,45600000,57395935.71,-11795935.71
4000,3,0,ready to move,apartment,88000000,58808052.14,29191947.86
3116,4,0,ready to move,apartment,118300000,98715372.62,19584627.38
1215,2,1,under construction,apartment,8630000,9680188.65,-1050188.65
1815,4,0,ready to move,apartment,11000000,17849272.4,-6849272.403
1020,2,1,under construction,apartment,6230000,8091961.48,-1861961.48
60,0,0,resale,plot,4000000,7879916.667,-3879916.667
2430,4,0,ready to move,plot,32500000,34053627.78,-1553627.778
1711,3,0,ready to move,apartment,35000000,30843499.71,4156500.289
1085,2,1,under construction,apartment,12500000,9305071.541,3194928.459
2250,0,0,new,plot,20000000,30567979.25,-10567979.25
1376,3,0,ready to move,apartment,27700000,23876320.76,3823679.24
5411,4,0,ready to move,villa,111100000,99302369.05,11797630.95
781,2,0,ready to move,floor,8200000,7878001.758,321998.2421
3430,4,0,ready to move,apartment,92400000,43376000,49024000
1478,2,1,under construction,apartment,9605000,12947200.04,-3342200.038
1946,3,1,under construction,apartment,38900000,35717221,3182779.003
6251,5,0,ready to move,villa,141900000,144670266.7,-2770266.667
1440,3,1,under construction,apartment,8581000,9270145.345,-689145.3449
3106,4,0,ready to move,apartment,65100000,57159883.33,7940116.667
1930,3,0,ready to move,apartment,16500000,16223529.13,276470.8669
854,2,0,ready to move,plot,4500000,6318690,-1818690
7361,4,0,ready to move,apartment,547000000,546345500,654500
3841,0,1,new,plot,31500000,36340000,-4840000
2300,4,0,ready to move,plot,26000000,23074470.71,2925529.293
2597,4,1,under construction,apartment,52600000,46807823.09,5792176.908
1055,2,1,under construction,apartment,12600000,11592913.97,1007086.031
2300,4,0,ready to move,apartment,25500000,29518718.89,-4018718.889
1130,0,0,new,plot,3100000,6934298.286,-3834298.286
2047,3,0,ready to move,apartment,49600000,34824372.22,14775627.78
1100,2,1,under construction,apartment,2400000,3502664.617,-1102664.617
1310,2,1,under construction,apartment,26200000,116838784.5,-90638784.51
2800,4,0,ready to move,apartment,51800000,28623678.57,23176321.43
1955,3,1,under construction,apartment,23500000,36196728.04,-12696728.04
373,1,0,ready to move,apartment,5968000,1874895.429,4093104.571
2200,4,0,ready to move,floor,24800000,24684142.86,115857.1429
1751,3,0,ready to move,apartment,13400000,15232196.76,-1832196.764
9000,5,0,ready to move,apartment,198000000,223129789.8,-25129789.79
2380,3,1,under construction,apartment,42800000,40925559.64,1874440.357
2835,4,1,under construction,apartment,16000000,60953000,-44953000
1128,3,1,under construction,apartment,16500000,12566372.67,3933627.333
215,1,0,ready to move,apartment,900000,11399700,-10499700
2080,3,1,under construction,apartment,30900000,31169781.07,-269781.0675
152,0,1,new,plot,12100000,12364083.33,-264083.3333
1503,2,1,under construction,apartment,9200000,11794396.67,-2594396.667
2055,4,1,under construction,apartment,452100000,137622144.4,314477855.6
2000,3,0,ready to move,floor,40000000,16036520.25,23963479.75
2352,4,0,ready to move,apartment,19600000,17839591.92,1760408.075
1800,3,0,ready to move,plot,20000000,15685051.04,4314948.965
790,0,0,new,plot,2150000,5313507.833,-3163507.833
3750,4,0,ready to move,apartment,67500000,60004333.33,7495666.667
2780,4,0,ready to move,apartment,17500000,20604873.02,-3104873.016
1900,3,0,ready to move,apartment,10600000,21929715.81,-11329715.81
2200,3,1,under construction,apartment,28600000,29085205.99,-485205.9857
2000,3,1,under construction,apartment,15500000,22737191.7,-7237191.697
4100,5,1,under construction,apartment,67600000,59179524.12,8420475.883
1103,2,1,under construction,apartment,9304000,8435196.156,868803.8442
1187,2,0,ready to move,apartment,17500000,11949250,5550750
2360,3,1,under construction,apartment,37700000,37700000,0
640,3,0,under construction,plot,4900000,6370150,-1470150
3600,4,0,ready to move,plot,25700000,33595565.73,-7895565.729
2040,3,1,under construction,apartment,15000000,31789872.99,-16789872.99
1750,2,1,under construction,apartment,35000000,33141383.94,1858616.065
2271,3,1,under construction,apartment,36300000,36300000,0
2298,4,1,under construction,apartment,45900000,234912964.5,-189012964.5
12613,4,1,under construction,house,208100000,226869013.7,-18769013.72
1558,4,1,under construction,apartment,25100000,20899812.16,4200187.838
1975,3,1,under construction,apartment,34100000,36229456.16,-2129456.155
4518,4,0,ready to move,apartment,40000000,42626150,-2626150
6450,5,0,ready to move,apartment,70300000,109964198.4,-39664198.41
1869,3,0,ready to move,apartment,37500000,12943105.79,24556894.21
1751,3,0,ready to move,apartment,17500000,15232196.76,2267803.236
1900,3,0,ready to move,apartment,10600000,21929715.81,-11329715.81
1611,3,1,under construction,floor,16900000,21043853.1,-4143853.096
2600,3,0,ready to move,apartment,25000000,21134316.06,3865683.938
2260,0,0,new,plot,32600000,25961458.02,6638541.983
1388,3,1,under construction,apartment,29500000,26656287.55,2843712.45
1859,3,0,ready to move,apartment,16500000,30721242.86,-14221242.86
3150,4,0,ready to move,apartment,34600000,44803758.91,-10203758.91
2423,4,0,ready to move,apartment,19800000,62978957.14,-43178957.14
3454,3,0,ready to move,apartment,37600000,75681142.86,-38081142.86
634,2,1,under construction,apartment,2600000,2380094,219906
4500,5,0,ready to move,apartment,85100000,61658455.16,23441544.84
2300,4,0,ready to move,floor,30000000,26033916.25,3966083.75
2050,3,0,ready to move,apartment,15200000,27109088.78,-11909088.78
1801,3,0,ready to move,plot,14500000,15685051.04,-1185051.035
1121,3,0,ready to move,apartment,23300000,23297000,3000
2538,3,1,under construction,apartment,50700000,45732489.19,4967510.805
3975,4,1,under construction,apartment,47500000,50712333.33,-3212333.333
2336,4,0,ready to move,apartment,29500000,23132000,6368000
1751,4,1,under construction,apartment,65500000,65500000,0
1433,2,0,ready to move,apartment,31600000,27835872.62,3764127.381
4518,5,0,ready to move,floor,70000000,39599954.63,30400045.37
2283,5,1,under construction,apartment,37600000,37600000,0
1296,0,0,new,plot,8650000,9538795.712,-888795.7118
3240,1,0,resale,plot,60000000,58408893.61,1591106.394
1800,3,0,ready to move,floor,22000000,23304362.67,-1304362.673
1825,3,1,under construction,apartment,26000000,25078503.02,921496.978
4038,4,1,under construction,apartment,74900000,73293033.23,1606966.769
2700,4,0,ready to move,floor,22500000,33102992.25,-10602992.25
2072,3,0,ready to move,apartment,40000000,43131953.24,-3131953.244
3100,4,1,under construction,apartment,51100000,45838918.75,5261081.246
2250,3,1,under construction,apartment,45000000,36914399.1,8085600.904
2433,3,0,ready to move,apartment,39100000,41155663.89,-2055663.889
2500,4,0,ready to move,plot,25000000,25932000,-932000
4250,5,0,ready to move,apartment,80400000,79208666.67,1191333.333
2450,4,0,ready to move,apartment,29500000,31122407.29,-1622407.287
2597,4,1,under construction,apartment,52600000,46807823.09,5792176.908
2000,3,0,ready to move,plot,23000000,13418230.09,9581769.909
4366,4,0,ready to move,apartment,96000000,88296192.86,7703807.143
2700,3,0,ready to move,apartment,12500000,36388383.14,-23888383.14
2579,3,0,ready to move,apartment,14600000,26172165.3,-11572165.3
2122,3,0,ready to move,apartment,21200000,16446648.04,4753351.961
3000,4,1,under construction,apartment,67500000,65389726.84,2110273.164
3762,4,1,under construction,apartment,60700000,54678581.53,6021418.47
1250,1,1,under construction,apartment,27500000,27500000,0
3980,3,0,ready to move,apartment,49700000,52959385.71,-3259385.714
4690,4,0,ready to move,apartment,125000000,88173000,36827000
3548,3,0,ready to move,apartment,56700000,52828866.67,3871133.333
9897,5,0,ready to move,apartment,212700000,215138029.8,-2438029.762
1467,0,0,new,plot,19200000,17748533.33,1451466.667
1055,2,1,under construction,apartment,12600000,11592913.97,1007086.031
2092,3,0,ready to move,apartment,16000000,27701565.11,-11701565.11
1841,4,0,ready to move,apartment,37100000,31993347.07,5106652.933
2528,3,1,under construction,apartment,50500000,48840361.66,1659638.339
1811,3,0,ready to move,apartment,25600000,21244355.9,4355644.1
1976,3,1,under construction,apartment,39500000,33311934.44,6188065.562
3243,4,1,under construction,apartment,60100000,57820911.26,2279088.738
1457,2,1,under construction,apartment,10500000,9101307.018,1398692.982
2001,3,0,ready to move,apartment,11200000,22404956.4,-11204956.4
5492,4,0,ready to move,apartment,120800000,89359866.67,31440133.33
4632,4,0,ready to move,apartment,33100000,35482000,-2382000
2230,2,0,ready to move,apartment,49000000,43513514.29,5486485.714
1270,2,0,ready to move,apartment,8900000,9827083.703,-927083.7035
4500,0,0,new,plot,26200000,44581150.45,-18381150.45
990,2,0,ready to move,apartment,19900000,15946568.98,3953431.022
4500,4,0,ready to move,plot,55000000,44230343.31,10769656.69
1550,2,0,ready to move,plot,18500000,12142593.37,6357406.625
2120,3,0,ready to move,apartment,12500000,14487394.01,-1987394.007
2382,3,0,ready to move,apartment,38100000,30595698.97,7504301.032
1665,3,1,under construction,apartment,24200000,90715991.45,-66515991.45
1224,2,1,under construction,apartment,7832000,7832260,-260
9198,0,0,resale,plot,269900000,145073333.3,124826666.7
2850,4,0,ready to move,plot,16000000,26912276.11,-10912276.11
1700,3,1,under construction,apartment,34000000,162420557.8,-128420557.8
4054,4,1,under construction,apartment,75200000,73482187.88,1717812.121
645,2,0,ready to move,apartment,5000000,5259820,-259820
3791,4,0,ready to move,apartment,56200000,66841924.77,-10641924.77
1046,2,0,ready to move,apartment,12700000,20153438.44,-7453438.441
1845,3,1,under construction,apartment,25700000,24064757.99,1635242.006
1800,3,0,ready to move,plot,15000000,15685051.04,-685051.0352
3150,3,0,ready to move,apartment,53500000,46282325,7217675
1691,3,0,ready to move,apartment,23900000,23900000,0
1665,3,1,under construction,apartment,366300000,90715991.45,275584008.6
3106,4,1,under construction,apartment,65000000,52936617.72,12063382.28
1359,3,1,under construction,apartment,28900000,16663282.92,12236717.08
3505,4,1,under construction,apartment,67400000,67258507.51,141492.4919
2072,3,0,ready to move,apartment,40000000,43131953.24,-3131953.244
2100,3,0,ready to move,apartment,27700000,23714325.45,3985674.549
2071,3,1,under construction,apartment,23200000,22429509.87,770490.1349
2673,3,0,ready to move,apartment,101500000,98752500,2747500
1711,3,1,under construction,apartment,15000000,19925678.5,-4925678.497
2422,3,1,under construction,floor,42500000,21302234.85,21197765.15
1263,2,0,ready to move,apartment,25500000,22636668.91,2863331.088
2553,4,1,under construction,apartment,28700000,28700000,0
1900,3,0,ready to move,floor,27500000,18098439.21,9401560.786
1657,4,0,ready to move,apartment,34400000,34400000,0
750,2,0,ready to move,apartment,4800000,6435751.19,-1635751.19
2134,3,0,ready to move,apartment,59400000,39924444.3,19475555.7
1818,3,0,ready to move,apartment,19200000,21600441.69,-2400441.69
1389,3,0,ready to move,apartment,18700000,18385735.33,314264.6667
1100,3,0,ready to move,floor,3600000,9024296.032,-5424296.032
5850,12,0,ready to move,plot,35000000,41199666.67,-6199666.667
1762,3,0,ready to move,apartment,9400000,15129472.86,-5729472.864
3650,4,0,ready to move,apartment,65700000,58718428.57,6981571.429
3280,4,0,ready to move,plot,52000000,40884552.76,11115447.24
8521,5,0,ready to move,villa,285400000,199262581,86137419.05
2250,3,0,ready to move,floor,21600000,14814785.41,6785214.585
1811,3,0,ready to move,apartment,25600000,21244355.9,4355644.1
1855,3,0,ready to move,apartment,38500000,34277307.63,4222692.374
1180,3,0,ready to move,apartment,12100000,9794600,2305400
2367,3,0,ready to move,plot,15500000,23605491.34,-8105491.342
1806,3,1,under construction,apartment,36600000,34985139.95,1614860.047
3005,4,0,ready to move,apartment,35700000,23311821.41,12388178.59
1800,3,1,under construction,apartment,24500000,24618030.85,-118030.846
1800,3,0,ready to move,plot,15000000,15685051.04,-685051.0352
2892,3,1,under construction,apartment,123500000,105380645.1,18119354.9
1500,3,1,under construction,apartment,18500000,16287552.84,2212447.161
2585,3,0,ready to move,apartment,20600000,39788367.78,-19188367.78
4128,4,1,under construction,apartment,76600000,74009636.32,2590363.685
1800,3,0,ready to move,apartment,28000000,19724577.88,8275422.12
911,2,1,under construction,floor,5000000,8734093.022,-3734093.022
1440,3,1,under construction,apartment,14400000,9270145.345,5129854.655
1595,3,1,under construction,apartment,11200000,19712416.05,-8512416.053
3469,3,0,ready to move,apartment,37800000,57855978.07,-20055978.07
900,0,0,resale,plot,2400000,8077157.439,-5677157.439
2003,3,1,under construction,apartment,16400000,22639326.4,-6239326.401
3240,4,0,ready to move,floor,31900000,35095018.94,-3195018.944
1450,3,0,ready to move,apartment,15500000,13120317.81,2379682.186
616,2,1,under construction,apartment,2514000,2504966.286,9033.714286
3859,6,1,new,plot,54800000,33842761.9,20957238.1
4022,4,0,ready to move,apartment,152700000,146896147.4,5803852.564
645,3,1,under construction,apartment,2322000,2532225.687,-210225.6875
1500,3,0,ready to move,floor,19500000,21584871.03,-2084871.032
3500,4,0,ready to move,apartment,35000000,49670430.38,-14670430.38
1951,4,0,ready to move,apartment,23800000,36759429.87,-12959429.87
1150,2,1,under construction,floor,15000000,14070770,929230
1600,2,0,ready to move,apartment,14500000,31522452.38,-17022452.38
1631,2,0,ready to move,apartment,34200000,33683000,517000
1496,3,1,under construction,apartment,13400000,16000495.57,-2600495.569
5900,4,0,ready to move,villa,82600000,88953225,-6353225
645,3,1,under construction,apartment,2630000,2532225.687,97774.31254
6458,0,0,new,plot,288000000,108693054,179306946
2100,4,1,under construction,apartment,462000000,203597700.8,258402299.2
4972,5,0,ready to move,villa,143800000,86846866.67,56953133.33
1902,3,1,under construction,apartment,28000000,27378144.8,621855.2003
1816,3,0,ready to move,apartment,11000000,14872514.56,-3872514.56
3395,4,0,ready to move,apartment,68000000,75011890.04,-7011890.043
3395,4,0,ready to move,apartment,56000000,75011890.04,-19011890.04
4210,4,0,ready to move,apartment,32900000,60910527.89,-28010527.89
5082,4,1,under construction,apartment,94300000,92455583.33,1844416.666
3500,4,1,under construction,floor,57500000,50160648.81,7339351.19
3350,3,0,ready to move,apartment,67400000,65690900,1709100
1001,0,1,new,plot,8230000,10628214,-2398214
2060,3,0,ready to move,apartment,28000000,32563266.67,-4563266.667
3156,4,0,ready to move,floor,65000000,31479066.67,33520933.33
1726,4,1,under construction,apartment,52000000,52000000,0
2000,3,1,under construction,apartment,26800000,22737191.7,4062808.303
5521,4,0,ready to move,villa,325500000,95808750,229691250
3909,3,0,ready to move,apartment,85900000,74888842.42,11011157.58
2300,4,0,ready to move,apartment,29900000,29518718.89,381281.1105
3834,99,0,new,plot,23400000,31571095.24,-8171095.238
1654,4,0,ready to move,apartment,16400000,19820000,-3420000
4128,4,1,under construction,apartment,76600000,74009636.32,2590363.685
3850,4,0,under construction,plot,48200000,43610166.67,4589833.333
1638,3,1,under construction,apartment,69900000,69900000,0
3147,4,0,ready to move,villa,69900000,61951853.22,7948146.779
621,2,1,under construction,apartment,2483000,2527779.333,-44779.33333
2290,3,1,under construction,apartment,42500000,40442365.75,2057634.245
3240,1,0,resale,plot,39600000,58408893.61,-18808893.61
4612,4,0,ready to move,house,55000000,104195000,-49195000
6260,6,0,ready to move,apartment,118300000,121441000,-3141000
581,2,1,under construction,apartment,2374000,2370235.815,3764.185266
2685,3,0,ready to move,apartment,65100000,56409065.87,8690934.127
1630,3,1,under construction,apartment,24400000,24928961.41,-528961.4053
2660,3,0,ready to move,apartment,27000000,27917172.59,-917172.5907
1222,2,0,ready to move,apartment,9776000,9327405.333,448594.6667
1815,3,0,ready to move,apartment,18900000,16639951.86,2260048.138
2100,3,0,ready to move,apartment,24500000,23714325.45,785674.5494
11000,6,1,under construction,apartment,346500000,426849964.3,-80349964.29
4100,5,1,under construction,apartment,67600000,59179524.12,8420475.883
4338,0,0,resale,plot,118100000,67104739.03,50995260.97
1465,2,0,ready to move,apartment,7691000,26504368.06,-18813368.06
4400,4,0,ready to move,apartment,56000000,70994880.23,-14994880.23
1390,2,0,ready to move,apartment,28000000,24432066.9,3567933.096
2700,0,0,resale,plot,45000000,44778489.61,221510.3896
613,2,1,under construction,apartment,2492000,2491210.286,789.7142857
1632,3,0,ready to move,apartment,39900000,14471380.95,25428619.05
2434,4,1,under construction,apartment,41800000,37447000,4353000
2800,4,0,ready to move,floor,24900000,28274852.6,-3374852.601
2300,2,0,ready to move,apartment,53900000,26205608.08,27694391.92
1993,3,1,under construction,apartment,44000000,15626324.37,28373675.63
1692,2,1,under construction,apartment,29000000,24540351.78,4459648.223
1186,2,1,under construction,apartment,9900000,8503519.762,1396480.238
5310,4,0,ready to move,apartment,116800000,107727104.8,9072895.238
1602,0,0,new,plot,11500000,15168642.86,-3668642.857
2366,3,0,ready to move,apartment,21300000,18290989.29,3009010.714
600,2,0,ready to move,apartment,4000000,4567366,-567366
2700,4,0,ready to move,plot,17000000,29281084.39,-12281084.39
1692,2,0,ready to move,apartment,37900000,43588557.14,-5688557.143
7452,5,1,under construction,apartment,138300000,136527342.3,1772657.692
3756,3,0,ready to move,apartment,82600000,70810335.71,11789664.29
512,2,1,under construction,apartment,2048000,2063741.934,-15741.93398
4500,4,0,ready to move,floor,68500000,46225652.44,22274347.56
1305,3,1,under construction,floor,16900000,13773562.7,3126437.302
1963,3,0,ready to move,apartment,8500000,21349469.44,-12849469.44
2400,4,0,ready to move,apartment,25500000,24643279.52,856720.4823
1951,4,0,ready to move,apartment,23800000,36759429.87,-12959429.87
2583,4,1,under construction,apartment,13000000,23369050,-10369050
3363,3,0,ready to move,apartment,73900000,73900000,0
1575,2,0,ready to move,apartment,27100000,15595372,11504628
1340,2,0,ready to move,apartment,14500000,12314540,2185460
356,1,1,under construction,apartment,1446000,1449556.513,-3556.512626
900,0,0,new,plot,2700000,2485890.348,214109.6516
3548,3,0,ready to move,apartment,56700000,52828866.67,3871133.333
3470,4,0,ready to move,apartment,37000000,34387353.97,2612646.032
4000,4,0,ready to move,apartment,75000000,76460848.45,-1460848.445
690,2,0,ready to move,apartment,5500000,5617740,-117740
2054,3,0,ready to move,apartment,45400000,41312203.03,4087796.97
1000,3,1,under construction,apartment,18000000,14611698.88,3388301.121
1431,0,1,new,plot,13000000,14989192.86,-1989192.857
2229,4,1,under construction,apartment,95200000,95200000,0
1534,2,0,ready to move,apartment,14000000,11809240.63,2190759.372
7021,4,0,ready to move,apartment,138400000,125168448.4,13231551.59
1420,2,1,under construction,apartment,20900000,20080489.71,819510.2907
1915,2,0,ready to move,apartment,14300000,24082379.71,-9782379.709
1359,2,1,under construction,apartment,8600000,9279604.412,-679604.4119
1763,3,0,ready to move,apartment,13200000,15143249.3,-1943249.302
1098,0,0,new,plot,7929000,11123385.29,-3194385.286
1950,4,0,ready to move,apartment,20000000,28832840.1,-8832840.104
1611,0,1,new,plot,25700000,14712713.81,10987286.19
2290,3,0,ready to move,apartment,28500000,23395692.02,5104307.976
1870,3,0,ready to move,apartment,10000000,12943105.79,-2943105.794
3100,4,0,ready to move,apartment,49000000,34355679.54,14644320.46
1951,4,0,ready to move,apartment,23800000,36759429.87,-12959429.87
2037,3,1,under construction,apartment,28400000,28144700,255300
2913,4,1,under construction,apartment,50100000,51444833.33,-1344833.333
1640,3,0,ready to move,apartment,20200000,18594012.62,1605987.385
3525,3,1,under construction,apartment,95100000,76291309.52,18808690.48
3100,4,1,under construction,apartment,53700000,45838918.75,7861081.246
2500,4,1,under construction,floor,35000000,24417133.33,10582866.67
1260,6,0,resale,plot,11400000,11799333.33,-399333.3333
1741,2,0,ready to move,apartment,16500000,15327147.48,1172852.524
3950,4,1,under construction,apartment,70000000,76966036.62,-6966036.621
2700,3,1,under construction,apartment,54000000,50188985.23,3811014.768
563,2,1,under construction,apartment,2253000,2261399.333,-8399.333333
3297,4,0,ready to move,apartment,57600000,58161828.46,-561828.4632
1593,3,1,under construction,apartment,21100000,19652693.83,1447306.169
1380,2,1,under construction,apartment,10500000,15771900.99,-5271900.992
2000,3,0,ready to move,floor,16500000,16036520.25,463479.749
1186,2,1,under construction,apartment,11000000,8503519.762,2496480.238
2549,3,1,under construction,apartment,35000000,44197264.29,-9197264.286
3000,4,0,ready to move,floor,45000000,24529908.73,20470091.27
2527,3,0,ready to move,apartment,40400000,35470482.14,4929517.857
1620,0,0,new,plot,22100000,15929080.74,6170919.264
1889,3,1,under construction,apartment,12100000,20498720.24,-8398720.238
6525,4,0,ready to move,apartment,59000000,159625918,-100625918
1773,3,1,under construction,floor,18500000,16075583.33,2424416.667
1300,2,0,ready to move,apartment,12500000,13105765.79,-605765.7932
1716,3,0,ready to move,apartment,13700000,26128968.25,-12428968.25
2422,3,0,ready to move,apartment,39900000,29433832.94,10466167.06
578,2,1,under construction,apartment,2363000,2325221.371,37778.62875
7000,4,0,ready to move,penthouse,75000000,106482918.7,-31482918.65
2160,3,0,ready to move,plot,17000000,24376557.1,-7376557.104
1935,3,0,ready to move,floor,16500000,17828864.16,-1328864.164
2010,4,0,ready to move,apartment,28500000,18118461.26,10381538.74
2450,3,0,ready to move,apartment,35000000,37054169.84,-2054169.835
1946,3,1,under construction,apartment,19500000,35717221,-16217221
1251,0,0,new,plot,14500000,9271924.988,5228075.012
2100,0,0,new,plot,32600000,30163158.73,2436841.27
6353,4,1,under construction,apartment,127000000,122970885.5,4029114.492
1530,0,0,resale,plot,18700000,19037590.96,-337590.9629
2244,3,0,ready to move,apartment,14500000,16596821.65,-2096821.645
2800,3,1,under construction,apartment,46200000,41506285.5,4693714.498
4500,4,0,ready to move,floor,55000000,46225652.44,8774347.558
1130,0,1,new,plot,9602000,10439552.19,-837552.1905
1665,3,0,ready to move,apartment,9324000,14165874.62,-4841874.624
1171,2,1,under construction,apartment,18400000,14432485.81,3967514.189
1980,3,0,ready to move,apartment,17500000,18664444.44,-1164444.444
1050,2,1,under construction,apartment,12000000,15698205.63,-3698205.628
3065,4,0,ready to move,apartment,54500000,62907312.82,-8407312.821
2125,3,0,ready to move,apartment,38200000,33576296.14,4623703.86
1371,3,1,under construction,apartment,13000000,20986240.11,-7986240.111
2100,4,0,ready to move,apartment,15500000,34349676.24,-18849676.24
2250,3,0,ready to move,apartment,37500000,23400755.84,14099244.16
4243,4,0,ready to move,apartment,72100000,59309075,12790925
1431,0,1,new,plot,15100000,14989192.86,110807.1429
703,2,0,ready to move,apartment,3700000,4200020,-500020
1000,1,1,under construction,apartment,22000000,22000000,0
1082,3,1,under construction,apartment,5560000,6585336.791,-1025336.791
4581,4,0,ready to move,apartment,100700000,66580359.6,34119640.4
1251,3,0,under construction,plot,8300000,10822588.87,-2522588.869
1975,3,1,under construction,apartment,39500000,36229456.16,3270543.845
1750,3,1,under construction,apartment,23400000,10244152.46,13155847.54
1067,2,0,ready to move,apartment,17000000,16912000,88000
2336,3,1,under construction,apartment,50500000,50849394.66,-349394.6609
1000,2,0,ready to move,floor,4000000,6092382.937,-2092382.937
2507,3,0,ready to move,apartment,31000000,34234099.21,-3234099.206
1000,3,0,ready to move,plot,3411000,4392898.974,-981898.9738
900,2,0,ready to move,plot,3200000,3933813.041,-733813.0415
1306,3,1,under construction,apartment,20200000,29406677.78,-9206677.778
2040,3,1,under construction,apartment,34600000,31789872.99,2810127.015
2600,4,0,ready to move,apartment,36400000,26520089.92,9879910.08
1075,2,0,ready to move,apartment,8500000,8547916.667,-47916.66667
1647,0,0,resale,plot,41100000,24712000,16388000
2000,3,0,ready to move,apartment,43200000,22404956.4,20795043.6
2985,3,0,ready to move,apartment,44700000,50991242.95,-6291242.954
2777,3,1,under construction,apartment,49900000,36283158.33,13616841.67
3541,4,0,ready to move,apartment,134400000,134390000,10000
1308,3,1,under construction,apartment,30700000,31125355.88,-425355.8824
1800,3,1,under construction,apartment,43900000,24618030.85,19281969.15
1700,3,0,ready to move,floor,18000000,17822776.01,177223.9884
6353,4,1,under construction,apartment,127000000,122970885.5,4029114.492
3240,4,0,ready to move,floor,35000000,35095018.94,-95018.94421
1044,2,0,ready to move,apartment,21000000,17174230.36,3825769.64
5800,5,0,ready to move,apartment,110100000,88187678.57,21912321.43
1516,2,0,ready to move,apartment,26900000,31086935.71,-4186935.714
1593,3,0,ready to move,apartment,20700000,20491725.47,208274.5324
1197,0,1,new,plot,11300000,11273540,26460
2810,3,0,ready to move,apartment,53100000,34194888.74,18905111.26
1900,4,1,under construction,apartment,40400000,35083998.41,5316001.587
1300,2,1,under construction,apartment,286000000,95513421.81,190486578.2
6000,4,0,ready to move,apartment,96000000,175694525.8,-79694525.77
2047,3,0,ready to move,apartment,32900000,34824372.22,-1924372.222
9198,3,0,resale,plot,145000000,149802916.7,-4802916.667
2065,6,0,ready to move,plot,9000000,19811166.67,-10811166.67
1138,2,1,under construction,apartment,13600000,13463262.95,136737.0492
1800,3,0,ready to move,apartment,28000000,19724577.88,8275422.12
2800,4,0,ready to move,plot,23500000,25367830.56,-1867830.556
2246,2,0,ready to move,apartment,85200000,84840000,360000
2510,4,1,under construction,apartment,50200000,50313205.83,-113205.832
4950,5,0,ready to move,apartment,53900000,49337278.46,4562721.537
2900,3,1,under construction,apartment,36000000,43892633.32,-7892633.317
2305,3,0,ready to move,apartment,38000000,40333938.89,-2333938.889
1423,2,1,under construction,apartment,10900000,11277518.4,-377518.4
2766,3,1,under construction,apartment,45600000,50224709.13,-4624709.126
3229,0,1,new,plot,19700000,24529647.37,-4829647.368
1040,2,0,ready to move,apartment,7000000,14804478.81,-7804478.808
4100,5,1,under construction,apartment,67600000,59179524.12,8420475.883
1264,2,0,ready to move,apartment,9699000,10820638.43,-1121638.425
8550,6,0,ready to move,apartment,110000000,106899279.8,3100720.238
1806,3,1,under construction,apartment,36600000,34985139.95,1614860.047
1575,3,0,ready to move,apartment,16200000,12106700,4093300
3200,4,1,under construction,apartment,35000000,57583901.59,-22583901.59
2080,3,1,under construction,apartment,41600000,31169781.07,10430218.93
3150,0,0,new,plot,45300000,39418285.79,5881714.214
4500,3,0,resale,plot,120000000,62114493.46,57885506.54
2250,3,0,ready to move,apartment,25000000,23400755.84,1599244.162
5893,99,0,new,plot,34000000,52495158.33,-18495158.33
1150,2,0,ready to move,floor,10000000,11070536.67,-1070536.667
2368,3,0,ready to move,apartment,24500000,24713725,-213725
1605,3,0,ready to move,floor,19500000,20160729.34,-660729.3373
2122,3,1,under construction,apartment,13100000,19199996.49,-6099996.49
5816,5,0,ready to move,villa,112800000,106239000,6561000
1692,3,1,under construction,apartment,19500000,13916212.49,5583787.509
630,0,0,new,plot,678000,1156261.241,-478261.241
4650,4,0,ready to move,apartment,33500000,47175033.37,-13675033.37
2290,3,1,under construction,apartment,42500000,40442365.75,2057634.245
2750,3,1,under construction,apartment,28000000,36192877.27,-8192877.273
1552,4,1,under construction,apartment,33000000,31106581.09,1893418.914
900,3,0,ready to move,apartment,6000000,5766424.892,233575.1082
1811,3,0,ready to move,apartment,25600000,21244355.9,4355644.1
1610,0,0,new,plot,16500000,14813717.62,1686282.381
3865,4,0,ready to move,apartment,62100000,47315307.14,14784692.86
1816,3,0,ready to move,apartment,11000000,14872514.56,-3872514.56
1558,4,1,under construction,apartment,25100000,20899812.16,4200187.838
2300,4,0,ready to move,floor,16100000,26033916.25,-9933916.25
3415,4,1,under construction,apartment,76800000,76800000,0
2300,4,0,ready to move,apartment,29900000,29518718.89,381281.1105
450,0,0,resale,plot,1250000,1585557.143,-335557.1429
2781,3,0,ready to move,apartment,51400000,47571486.61,3828513.389
1390,2,0,ready to move,apartment,16900000,24432066.9,-7532066.904
1950,3,0,ready to move,apartment,17000000,26307433.65,-9307433.65
1767,3,0,ready to move,apartment,12900000,12949848.81,-49848.80952
4015,3,0,ready to move,apartment,88300000,80422654.76,7877345.238
1125,2,0,ready to move,apartment,4800000,21731702.38,-16931702.38
2553,4,1,under construction,apartment,28700000,28700000,0
1200,2,1,under construction,apartment,7678000,12470603.21,-4792603.211
2408,3,1,under construction,apartment,28800000,26249943.61,2550056.385
6824,5,0,ready to move,villa,115200000,115730216.7,-530216.6667
3978,4,1,under construction,apartment,79900000,79900000,0
1995,3,0,ready to move,apartment,19000000,14793312.48,4206687.521
2070,3,1,under construction,floor,22500000,22547509.87,-47509.86513
1890,3,0,ready to move,apartment,16800000,17161594.59,-361594.5887
1750,3,0,ready to move,apartment,32000000,16393533.19,15606466.81
1250,3,1,under construction,apartment,9544000,9425720.893,118279.1071
2597,4,1,under construction,apartment,33600000,46807823.09,-13207823.09
2800,4,1,under construction,apartment,36400000,41460530.15,-5060530.146
1262,3,1,under construction,apartment,11800000,14719393.33,-2919393.333
2350,4,0,ready to move,floor,21500000,19462541.27,2037458.73
2403,3,1,under construction,floor,36000000,30545945.42,5454054.575
2400,4,0,ready to move,plot,29000000,31095300.46,-2095300.462
4518,0,0,new,plot,26300000,51395682.83,-25095682.83
9000,5,0,ready to move,plot,140000000,196400624.7,-56400624.71
1600,3,0,ready to move,plot,12000000,13874287.33,-1874287.332
1776,3,0,ready to move,apartment,18200000,18009654.33,190345.671
16500,6,0,ready to move,apartment,1226300000,868153000,358147000
1975,3,1,under construction,apartment,39500000,36229456.16,3270543.845
2553,4,1,under construction,apartment,28700000,28700000,0
2107,3,0,ready to move,apartment,34700000,33479378.97,1220621.029
1829,3,0,ready to move,apartment,36900000,32820953.23,4079046.766
1450,2,0,ready to move,apartment,5200000,19257282.58,-14057282.58
4430,4,1,under construction,apartment,88600000,87909940.24,690059.7625
6521,5,0,ready to move,villa,325600000,162697840.1,162902159.9
1440,3,1,under construction,apartment,10900000,9270145.345,1629854.655
1450,2,1,under construction,apartment,9278000,9624135.333,-346135.3333
1593,3,0,ready to move,apartment,18400000,20491725.47,-2091725.468
1503,0,0,new,plot,20500000,18153760,2346240
2300,3,0,ready to move,plot,18500000,17097312.37,1402687.627
2599,4,0,ready to move,apartment,31700000,47786738.26,-16086738.26
2700,3,0,ready to move,floor,9000000,20160580.5,-11160580.5
1967,3,1,under construction,apartment,39300000,38328610.09,971389.909
3843,3,0,ready to move,apartment,84500000,77473976.19,7026023.81
1130,114,1,new,plot,37600000,23591716.67,14008283.33
3900,4,0,ready to move,apartment,44000000,70068675,-26068675
4140,4,1,under construction,apartment,66800000,57546229.87,9253770.13
2898,4,1,under construction,floor,46500000,44947250,1552750
2717,4,1,under construction,apartment,44800000,44800000,0
3240,1,0,resale,plot,43200000,58408893.61,-15208893.61
2336,3,1,under construction,apartment,50500000,50849394.66,-349394.6609
1689,3,0,ready to move,apartment,22700000,20243940.33,2456059.669
3560,4,0,ready to move,apartment,23200000,32780085.71,-9580085.714
7582,5,1,under construction,apartment,140700000,136973166.5,3726833.451
2100,4,0,ready to move,floor,19900000,16003643.25,3896356.746
2945,4,1,under construction,apartment,66200000,65898000,302000
6521,4,0,ready to move,floor,125400000,139327968.5,-13927968.46
1374,3,1,under construction,apartment,29200000,30173185.32,-973185.3175
2620,4,1,under construction,apartment,70900000,40861748.11,30038251.89
810,2,0,ready to move,apartment,4850000,3921431.814,928568.186
2285,3,0,ready to move,apartment,31000000,22525726.19,8474273.81
2217,3,1,under construction,apartment,24900000,25195000,-295000
1266,2,1,under construction,apartment,5999000,8849523.051,-2850523.051
1946,3,1,under construction,apartment,33600000,35717221,-2117220.997
3428,4,0,ready to move,apartment,50800000,50182000,618000
3756,3,0,ready to move,apartment,82600000,70810335.71,11789664.29
4500,4,0,ready to move,apartment,40000000,49694155.89,-9694155.889
1376,3,0,ready to move,apartment,16800000,23876320.76,-7076320.76
1975,3,1,under construction,apartment,34100000,36229456.16,-2129456.155
1806,3,1,under construction,apartment,36600000,34985139.95,1614860.047
1372,3,1,under construction,apartment,29200000,21369770.37,7830229.632
1811,3,0,ready to move,apartment,25600000,21244355.9,4355644.1
500,0,0,new,plot,27500000,801214.0455,26698785.95
2217,3,0,ready to move,apartment,31000000,41802537.23,-10802537.23
2595,3,0,ready to move,apartment,59300000,51387915.95,7912084.046
1797,4,1,under construction,apartment,34800000,38457862.33,-3657862.334
1180,3,1,under construction,apartment,10900000,13855953.64,-2955953.636
2290,3,1,under construction,apartment,34000000,40442365.75,-6442365.755
750,2,0,ready to move,apartment,6600000,6435751.19,164248.8095
1717,3,0,ready to move,apartment,25000000,26128968.25,-1128968.254
2441,3,0,ready to move,apartment,39000000,39047281.48,-47281.48148
4307,4,0,ready to move,apartment,63400000,64790000,-1390000
6716,4,0,ready to move,apartment,75700000,113115750,-37415750
3200,4,0,ready to move,floor,32500000,35336159.08,-2836159.081
1770,3,0,ready to move,apartment,14500000,11457764.29,3042235.714
2945,4,1,under construction,apartment,66200000,65898000,302000
3802,5,1,under construction,apartment,62700000,62700000,0
1997,3,0,ready to move,apartment,19900000,17146643.92,2753356.079
1611,3,1,under construction,floor,21500000,21043853.1,456146.9042
1521,0,1,new,plot,24200000,14044000,10156000
2003,3,0,ready to move,apartment,12500000,26460258.41,-13960258.41
3850,4,1,under construction,apartment,63500000,60349404.48,3150595.515
1960,3,0,ready to move,apartment,58600000,20020771.25,38579228.75
2343,3,0,ready to move,apartment,35500000,48558998.41,-13058998.41
4430,4,1,under construction,apartment,88600000,87909940.24,690059.7625
2550,4,0,ready to move,apartment,43400000,45558285.27,-2158285.268
1359,2,1,under construction,apartment,8980000,9279604.412,-299604.4119
1457,2,1,under construction,apartment,10500000,9101307.018,1398692.982
2085,4,0,ready to move,apartment,18500000,14607000,3893000
2150,3,1,under construction,apartment,24000000,42787832.5,-18787832.5
1370,3,0,ready to move,apartment,27600000,22260879.23,5339120.774
2900,3,0,ready to move,apartment,43500000,58178078.28,-14678078.28
1496,3,1,under construction,apartment,19400000,16000495.57,3399504.431
3150,4,1,under construction,apartment,43000000,42574761.9,425238.0952
2180,4,1,under construction,apartment,28200000,15741796.03,12458203.97
1611,0,0,new,plot,23200000,14122460.34,9077539.661
5977,4,0,ready to move,apartment,95600000,98718529.37,-3118529.365
1902,3,1,under construction,apartment,28000000,27378144.8,621855.2003
2215,3,0,ready to move,apartment,30000000,26756949.21,3243050.788
1605,2,1,under construction,apartment,15500000,15500000,0
2945,3,1,under construction,apartment,55000000,56524736.07,-1524736.071
2800,4,1,under construction,apartment,36400000,41460530.15,-5060530.146
7452,5,1,under construction,apartment,122900000,136527342.3,-13627342.31
2452,3,0,ready to move,apartment,39200000,31325290.37,7874709.631
1596,3,0,ready to move,apartment,7054000,22142610.04,-15088610.04
3800,4,1,under construction,apartment,76900000,74532874.54,2367125.456
179,0,1,new,plot,14400000,14154550,245450
1188,0,0,new,plot,17100000,11057396.67,6042603.333
3300,4,0,ready to move,apartment,27500000,49390054.04,-21890054.04
2090,3,1,under construction,apartment,30800000,30707235.73,92764.27011
2438,3,0,ready to move,apartment,52400000,47178845.53,5221154.473
2700,2,0,resale,plot,81000000,41941165.04,39058834.96
2343,3,0,ready to move,apartment,46500000,48558998.41,-2058998.413
1967,3,1,under construction,apartment,39300000,38328610.09,971389.909
2134,3,0,ready to move,apartment,17200000,39924444.3,-22724444.3
2145,3,0,ready to move,apartment,40800000,33349740.48,7450259.524
1630,2,0,ready to move,apartment,34200000,25386166.67,8813833.333
400,1,0,ready to move,apartment,1600000,2271440,-671440
2567,3,0,ready to move,apartment,45000000,48850000,-3850000
959,2,1,under construction,apartment,13400000,13133600,266400
2450,4,0,ready to move,apartment,32500000,31122407.29,1377592.713
3051,3,1,under construction,apartment,50300000,46194073.94,4105926.062
1423,3,1,under construction,apartment,10200000,11138210.88,-938210.8835
1450,3,1,under construction,apartment,11900000,16306749.93,-4406749.933
2213,3,0,ready to move,apartment,23900000,31798620.21,-7898620.206
1823,2,0,ready to move,apartment,15200000,16014281.55,-814281.5498
4480,4,0,ready to move,apartment,98500000,93717215.98,4782784.019
2822,4,1,under construction,apartment,120500000,111148735.2,9351264.835
2844,4,0,ready to move,plot,32500000,32039125,460875
3192,4,0,ready to move,apartment,51000000,43510722.24,7489277.756
6300,8,0,ready to move,plot,45500000,49419800,-3919800
1350,95,0,new,plot,15000000,15561398.77,-561398.7651
3043,3,0,ready to move,apartment,66900000,57395935.71,9504064.286
2800,4,1,under construction,apartment,36400000,41460530.15,-5060530.146
6500,5,0,ready to move,floor,60000000,123355690.9,-63355690.87
1336,3,1,under construction,apartment,27200000,29650489.45,-2450489.455
1902,3,1,under construction,apartment,28000000,27378144.8,621855.2003
1975,3,1,under construction,apartment,39500000,36229456.16,3270543.845
1380,3,0,ready to move,floor,13800000,14194400.79,-394400.7937
1069,3,1,under construction,apartment,8015000,10380369.45,-2365369.446
2376,3,1,under construction,apartment,38000000,38000000,0
2660,3,0,ready to move,apartment,29900000,27917172.59,1982827.409
1021,1,1,under construction,apartment,13600000,13139200,460800
4500,4,0,ready to move,plot,30900000,44230343.31,-13330343.31
900,0,0,new,plot,650000,2485890.348,-1835890.348
2200,3,1,under construction,apartment,28600000,29085205.99,-485205.9857
2308,4,0,ready to move,apartment,20000000,24746713.1,-4746713.095
2025,3,0,ready to move,apartment,21500000,23256691.78,-1756691.777
2999,4,0,ready to move,floor,25000000,24529908.73,470091.2698
1550,2,0,ready to move,apartment,15000000,14165815.83,834184.1719
645,3,1,under construction,apartment,2579000,2532225.687,46774.31254
4486,4,0,ready to move,villa,75700000,77123713.6,-1423713.6
1370,3,0,ready to move,apartment,27600000,22260879.23,5339120.774
2720,4,0,ready to move,plot,37500000,37590000,-90000
2446,4,1,under construction,apartment,42000000,40489833.33,1510166.667
3000,4,0,ready to move,plot,27000000,25454308.73,1545691.27
1400,2,0,ready to move,apartment,18800000,20094888.96,-1294888.958
1350,2,0,ready to move,apartment,5200000,15836715.53,-10636715.53
2352,4,0,ready to move,apartment,17200000,17839591.92,-639591.9247
2300,3,0,ready to move,apartment,41500000,47999036.05,-6499036.053
600,2,0,ready to move,apartment,3500000,4567366,-1067366
2085,3,1,under construction,apartment,20200000,20268000,-68000
786,0,1,new,plot,21400000,16432420,4967580
1935,3,0,ready to move,plot,28000000,26053470.06,1946529.942
6525,5,0,ready to move,apartment,47000000,151583600.2,-104583600.2
2150,3,0,ready to move,apartment,16900000,22816075.76,-5916075.76
2264,4,0,ready to move,apartment,22000000,29761909.52,-7761909.524
1920,3,0,ready to move,apartment,11500000,13428794.65,-1928794.645
3638,4,0,ready to move,apartment,55000000,57841761.9,-2841761.905
13143,6,0,ready to move,apartment,976800000,773122600,203677400
900,0,0,new,plot,11700000,2485890.348,9214109.652
645,3,1,under construction,apartment,2322000,2532225.687,-210225.6875
2892,3,1,under construction,apartment,123500000,105380645.1,18119354.9
4500,4,0,ready to move,apartment,72900000,49694155.89,23205844.11
2588,3,0,ready to move,apartment,46000000,45265533.33,734466.6667
1751,4,1,under construction,apartment,65500000,65500000,0
4221,0,0,resale,plot,60000000,67979072.36,-7979072.364
6838,5,1,under construction,apartment,112800000,123321530.9,-10521530.89
2122,4,0,ready to move,apartment,21200000,25164584.74,-3964584.74
2800,4,1,under construction,apartment,36400000,41460530.15,-5060530.146
508,2,1,under construction,apartment,2081000,2081376.726,-376.7258297
1040,2,0,ready to move,floor,10000000,11418998.02,-1418998.016
2400,3,1,under construction,apartment,31200000,29776960.05,1423039.949
1465,2,1,under construction,apartment,11800000,16684318.01,-4884318.009
2033,3,0,ready to move,plot,25000000,24113666.67,886333.3333
940,2,0,ready to move,floor,9870000,8733128.237,1136871.763
5575,4,0,ready to move,apartment,263100000,148615607.1,114484392.9
2945,3,1,under construction,apartment,56500000,56524736.07,-24736.07124
760,1,0,ready to move,apartment,6000000,5638060.476,361939.5238
3243,4,1,under construction,apartment,60100000,57820911.26,2279088.738
1359,3,0,ready to move,apartment,18300000,16442350.51,1857649.495
3100,4,0,ready to move,plot,22600000,22989076.98,-389076.9841
2200,4,0,ready to move,apartment,24400000,23095275.43,1304724.567
2001,3,0,ready to move,apartment,21000000,22404956.4,-1404956.402
2350,3,1,under construction,apartment,26400000,37734696.45,-11334696.45
3063,3,0,ready to move,apartment,67300000,50498116.67,16801883.33
3115,4,0,ready to move,floor,21500000,40157000,-18657000
1534,2,0,ready to move,apartment,6750000,11809240.63,-5059240.628
2500,3,0,ready to move,villa,20000000,43502929.29,-23502929.29
1099,2,0,ready to move,apartment,14800000,13172320.88,1627679.118
4054,4,1,under construction,apartment,75200000,73482187.88,1717812.121
2300,4,0,ready to move,apartment,29900000,29518718.89,381281.1105
1976,3,1,under construction,apartment,39500000,33311934.44,6188065.562
1942,3,0,ready to move,apartment,22000000,12608370.15,9391629.852
1620,0,0,new,plot,11600000,15929080.74,-4329080.736
4320,4,0,ready to move,floor,50000000,49635000,365000
2295,3,0,ready to move,apartment,36900000,46665961.95,-9765961.953
1200,2,1,under construction,apartment,19800000,12470603.21,7329396.789
1469,4,1,under construction,apartment,55000000,55000000,0
5643,0,0,new,plot,81100000,97317833.33,-16217833.33
1689,3,0,ready to move,apartment,20000000,20243940.33,-243940.3312
8000,6,0,ready to move,villa,62400000,93939765.04,-31539765.04
1689,3,0,ready to move,apartment,18100000,20243940.33,-2143940.331
2280,3,1,under construction,apartment,41900000,39064133.54,2835866.461
1985,2,0,ready to move,apartment,55500000,51092369.05,4407630.952
2600,4,0,ready to move,apartment,21000000,26520089.92,-5520089.92
1566,3,1,under construction,apartment,18000000,15658667.62,2341332.381
1159,3,0,ready to move,apartment,16200000,15618000,582000
981,2,1,under construction,apartment,12700000,9971850.279,2728149.721
1550,3,0,ready to move,floor,34800000,27867932.14,6932067.857
4140,4,1,under construction,apartment,45500000,57546229.87,-12046229.87
2503,3,1,under construction,apartment,22000000,42785872.88,-20785872.88
2003,3,0,ready to move,apartment,55700000,26460258.41,29239741.59
3529,4,0,ready to move,apartment,134000000,130717000,3283000
2503,3,1,under construction,apartment,50000000,42785872.88,7214127.118
2599,4,0,ready to move,apartment,31700000,47786738.26,-16086738.26
1590,2,0,ready to move,apartment,19000000,31520200,-12520200
4518,0,0,resale,plot,75000000,85846077.36,-10846077.36
3200,4,0,ready to move,apartment,56000000,32291571.1,23708428.9
1981,4,1,under construction,apartment,35600000,37296000,-1696000
1898,3,0,ready to move,apartment,20400000,20462000,-62000
3600,0,0,new,plot,56000000,48694289.29,7305710.714
746,2,1,under construction,apartment,8331000,4983424.889,3347575.111
1800,3,1,under construction,apartment,24500000,24618030.85,-118030.846
2411,3,0,ready to move,apartment,38500000,33861389.65,4638610.348
561,2,1,under construction,apartment,2286000,2252341.905,33658.09524
3015,0,0,resale,plot,55500000,66632907.94,-11132907.94
1549,3,1,under construction,floor,22000000,17649398.81,4350601.19
6965,4,0,ready to move,floor,42900000,46408000,-3508000
1993,3,1,under construction,apartment,44000000,15626324.37,28373675.63
3153,3,0,ready to move,villa,36800000,46408704.76,-9608704.762
3850,3,0,ready to move,apartment,84700000,81773504.55,2926495.455
2107,3,1,under construction,apartment,34700000,34700000,0
1800,3,1,under construction,apartment,28800000,24618030.85,4181969.154
2500,4,0,ready to move,apartment,45000000,27675949.86,17324050.14
1590,3,0,ready to move,apartment,22500000,19825814.29,2674185.714
2285,3,0,ready to move,apartment,18000000,22525726.19,-4525726.19
1527,3,0,ready to move,apartment,15600000,15426690,173310
1138,2,1,under construction,apartment,12200000,13463262.95,-1263262.951
4500,4,0,ready to move,floor,42500000,46225652.44,-3725652.442
6525,5,0,ready to move,apartment,55400000,151583600.2,-96183600.18
2398,3,0,ready to move,apartment,21900000,36442771.43,-14542771.43
2553,4,1,under construction,apartment,21000000,28700000,-7700000
1828,3,1,under construction,apartment,27300000,28205542.02,-905542.0162
1700,2,0,ready to move,apartment,17000000,21271829.73,-4271829.726
1605,2,1,under construction,apartment,15500000,15500000,0
1224,0,0,resale,plot,9400000,14117236.19,-4717236.19
2650,3,0,ready to move,apartment,79300000,36274584.42,43025415.58
1593,3,1,under construction,apartment,18000000,19652693.83,-1652693.831
2090,3,1,under construction,apartment,29200000,30707235.73,-1507235.73
1219,2,0,ready to move,apartment,9752000,9402400,349600
1385,2,0,ready to move,apartment,13500000,10727657.92,2772342.084
1017,3,0,ready to move,apartment,11000000,6619300,4380700
1665,0,0,new,plot,40800000,19134477.15,21665522.85
1525,2,1,under construction,apartment,18300000,17597333.33,702666.6667
1385,3,0,ready to move,floor,14000000,13389335.89,610664.1135
1156,0,0,new,plot,9629000,9325989.919,303010.0812
900,2,0,ready to move,plot,5000000,3933813.041,1066186.959
3469,3,0,ready to move,apartment,37800000,57855978.07,-20055978.07
1997,3,0,ready to move,apartment,21500000,17146643.92,4353356.079
1089,3,0,ready to move,apartment,23900000,22665983.33,1234016.667
2812,4,0,ready to move,apartment,21000000,28800601.19,-7800601.19
1632,3,0,ready to move,apartment,39900000,14471380.95,25428619.05
2361,3,0,ready to move,apartment,12800000,19020000,-6220000
1829,3,0,ready to move,apartment,36900000,32820953.23,4079046.766
5000,5,0,ready to move,penthouse,23400000,53443061.9,-30043061.9
1346,2,0,ready to move,apartment,29400000,25221750,4178250
3850,4,0,ready to move,apartment,72800000,62495142.44,10304857.56
2565,0,0,new,plot,57700000,25578000,32122000
1190,3,1,under construction,apartment,16600000,13932698.97,2667301.034
1503,2,0,ready to move,apartment,9200000,13393400.91,-4193400.909
2600,3,1,under construction,apartment,42900000,38552589.97,4347410.028
2450,4,0,ready to move,apartment,30000000,31122407.29,-1122407.287
4503,5,1,under construction,apartment,192400000,173844995.1,18555004.95
11505,5,0,ready to move,apartment,253100000,213010100,40089900
2072,3,0,ready to move,apartment,39000000,43131953.24,-4131953.244
1500,3,0,ready to move,apartment,17500000,14502154.85,2997845.148
4500,1,0,resale,plot,50000000,46367251.26,3632748.737
4500,4,0,ready to move,floor,70000000,46225652.44,23774347.56
1850,3,1,under construction,apartment,21200000,23468148.52,-2268148.518
3850,4,0,under construction,plot,48200000,43610166.67,4589833.333
900,0,0,new,plot,2000000,2485890.348,-485890.3484
2800,4,0,ready to move,plot,17500000,25367830.56,-7867830.556
2390,4,1,under construction,apartment,26800000,26276923.69,523076.3131
1800,3,0,ready to move,apartment,22500000,19724577.88,2775422.12
1274,3,0,ready to move,apartment,12000000,16521495.16,-4521495.159
2305,4,1,under construction,apartment,32100000,38834338.89,-6734338.889
1841,4,1,under construction,apartment,39200000,39032000,168000
3850,4,0,ready to move,apartment,72800000,62495142.44,10304857.56
1264,2,1,under construction,apartment,7099000,7883524.98,-784524.9798
2780,3,1,under construction,apartment,37900000,36283158.33,1616841.667
3185,4,0,ready to move,apartment,31000000,45354233.33,-14354233.33
3440,3,0,ready to move,apartment,23900000,55595938.53,-31695938.53
6805,6,0,ready to move,apartment,128700000,101040098.1,27659901.95
2549,3,1,under construction,apartment,54200000,44197264.29,10002735.71
360,0,0,new,plot,385000,5114209.416,-4729209.416
1260,6,0,resale,plot,11000000,11799333.33,-799333.3333
11224,5,0,ready to move,apartment,246900000,215136072.7,31763927.27
1400,3,0,ready to move,plot,7195000,9212383.413,-2017383.413
1550,2,0,ready to move,apartment,11300000,14165815.83,-2865815.828
1620,0,0,new,plot,21200000,15929080.74,5270919.264
3188,4,0,ready to move,apartment,34300000,39336566.67,-5036566.667
1359,2,1,under construction,apartment,8980000,9279604.412,-299604.4119
1731,4,1,under construction,apartment,68400000,68400000,0
3150,4,0,ready to move,plot,24000000,49763833.33,-25763833.33
2602,3,1,under construction,apartment,36500000,38552589.97,-2052589.972
1500,3,1,under construction,apartment,24700000,16287552.84,8412447.161
3200,4,0,ready to move,apartment,33600000,32291571.1,1308428.904
3684,4,1,under construction,apartment,157400000,135064596.3,22335403.68
1986,3,0,ready to move,apartment,24500000,22743297.78,1756702.217
1889,3,0,ready to move,apartment,22000000,21697691.71,302308.2932
5160,4,0,ready to move,apartment,113500000,93534357.14,19965642.86
3451,4,1,under construction,apartment,73500000,78310407.14,-4810407.143
3355,4,0,ready to move,apartment,63500000,57388666.67,6111333.333
1111,3,0,ready to move,apartment,30900000,28236113.1,2663886.905
2300,4,0,ready to move,apartment,25500000,29518718.89,-4018718.889
3395,4,1,under construction,apartment,58300000,61635800,-3335800
2200,4,0,ready to move,plot,17500000,19673050.41,-2173050.411
1000,2,0,ready to move,plot,9000000,6162373.651,2837626.349
2100,3,0,ready to move,floor,16000000,20509083.33,-4509083.333
1935,3,0,ready to move,floor,16500000,17828864.16,-1328864.164
3125,4,1,under construction,apartment,70300000,70300000,0
368,1,1,under construction,apartment,1284000,1336700,-52700
1261,3,1,under construction,apartment,19500000,24496543.22,-4996543.217
1632,2,0,ready to move,apartment,34200000,28035476.19,6164523.81
2685,4,0,ready to move,apartment,38900000,32505833.33,6394166.667
1352,3,1,under construction,apartment,22300000,22418000,-118000
4500,4,0,under construction,plot,41500000,53317338.29,-11817338.29
1884,3,1,under construction,apartment,11400000,20207220.24,-8807220.238
2821,3,0,ready to move,apartment,45100000,45938200,-838200
1528,3,1,under construction,apartment,18300000,17856604.53,443395.4737
1593,3,1,under construction,apartment,23000000,19652693.83,3347306.169
2418,3,0,ready to move,plot,14000000,20051769.39,-6051769.394
2295,3,0,ready to move,apartment,37800000,46665961.95,-8865961.953
1180,3,0,ready to move,apartment,12100000,9794600,2305400
3452,3,0,ready to move,apartment,75900000,65373849.32,10526150.68
1163,114,1,new,plot,38700000,24869566.67,13830433.33
2779,4,0,ready to move,apartment,18000000,26916347.58,-8916347.583
1190,3,1,under construction,floor,7900000,8947786.489,-1047786.489
2350,3,1,under construction,apartment,26400000,37734696.45,-11334696.45
3525,3,0,ready to move,apartment,107900000,35637419.05,72262580.95
2050,3,0,ready to move,apartment,23000000,27109088.78,-4109088.778
310,1,1,under construction,apartment,1240000,1287220,-47220
768,2,1,under construction,apartment,2600000,2695329.071,-95329.07107
4010,3,0,ready to move,apartment,88200000,81753388.1,6446611.905
7200,0,0,new,plot,69500000,112197666.7,-42697666.67
2812,4,0,ready to move,apartment,52500000,28800601.19,23699398.81
3240,4,0,ready to move,plot,26500000,32086978.13,-5586978.134
2750,4,1,under construction,apartment,48100000,47381789.68,718210.3244
1105,2,1,under construction,apartment,9300000,8330657.725,969342.2753
1138,2,1,under construction,apartment,13700000,13463262.95,236737.0492
1200,4,1,under construction,apartment,25500000,27426056.49,-1926056.494
2470,3,0,ready to move,apartment,45000000,38128895.65,6871104.347
4518,5,0,ready to move,floor,33000000,39599954.63,-6599954.634
1845,3,1,under construction,apartment,25700000,24064757.99,1635242.006
1975,4,0,ready to move,floor,34000000,25957380.25,8042619.75
1811,3,0,ready to move,apartment,25600000,21244355.9,4355644.1
2249,4,1,under construction,apartment,494700000,174563819.8,320136180.2
2275,5,1,under construction,apartment,37500000,37500000,0
4279,4,0,ready to move,apartment,94100000,91344000,2756000
2290,3,1,under construction,apartment,31000000,40442365.75,-9442365.755
1935,3,0,ready to move,apartment,8900000,21204908.33,-12304908.33
2597,4,1,under construction,apartment,34100000,46807823.09,-12707823.09
3802,5,1,under construction,apartment,62700000,62700000,0
4927,4,1,under construction,apartment,91400000,89190266.14,2209733.86
2122,3,0,ready to move,apartment,16200000,16446648.04,-246648.0395
2086,3,0,ready to move,apartment,23700000,19486916.67,4213083.333
2700,4,0,ready to move,floor,23500000,33102992.25,-9602992.249
1750,3,0,ready to move,plot,28000000,17010165.95,10989834.05
2700,7,0,ready to move,plot,35000000,41673976.12,-6673976.121
3243,4,1,under construction,apartment,60100000,57820911.26,2279088.738
4845,4,0,ready to move,apartment,106500000,93122239.29,13377760.71
10000,6,0,ready to move,penthouse,390000000,116064047.6,273935952.4
2600,3,1,under construction,apartment,29000000,38552589.97,-9552589.972
3230,4,1,under construction,apartment,72600000,72465571.43,134428.5714
1310,2,1,under construction,apartment,18300000,116838784.5,-98538784.51
2250,0,0,new,plot,15300000,30567979.25,-15267979.25
1828,3,0,ready to move,apartment,28500000,34651758.67,-6151758.669
1128,3,1,under construction,apartment,11100000,12566372.67,-1466372.667
2874,3,1,under construction,apartment,122800000,109433566.1,13366433.89
2475,4,0,ready to move,plot,26500000,26290426.47,209573.5294
1233,0,0,new,plot,16100000,16191700,-91700
2350,3,1,under construction,apartment,26400000,37734696.45,-11334696.45
2200,3,0,ready to move,plot,23000000,21729582.07,1270417.927
2800,3,1,under construction,apartment,46200000,41506285.5,4693714.498
2100,3,0,under construction,plot,39000000,36843891.23,2156108.766
1765,4,1,under construction,apartment,47700000,41140000,6560000
1076,3,0,ready to move,apartment,11100000,11237307.92,-137307.9167
3090,3,0,ready to move,apartment,57100000,57136865.87,-36865.87302
1125,0,1,new,plot,10600000,10439552.19,160447.8095
2160,3,0,ready to move,plot,22200000,24376557.1,-2176557.104
1593,3,1,under construction,floor,22500000,18306050,4193950
3060,4,0,ready to move,apartment,26800000,34455099.66,-7655099.656
3695,4,1,under construction,apartment,60900000,67775328.72,-6875328.723
2800,4,0,ready to move,apartment,63200000,28623678.57,34576321.43
4000,4,0,ready to move,apartment,40000000,76460848.45,-36460848.45
600,0,0,resale,plot,5000000,6039968.779,-1039968.779
3968,3,0,ready to move,apartment,87200000,66024095.24,21175904.76
2700,3,0,ready to move,apartment,25000000,36388383.14,-11388383.14
2600,4,0,ready to move,plot,38000000,22131592.75,15868407.25
1806,3,1,under construction,apartment,36600000,34985139.95,1614860.047
1000,3,0,ready to move,plot,3800000,4392898.974,-592898.9738
645,3,1,under construction,apartment,2627000,2532225.687,94774.31254
2450,4,0,ready to move,apartment,21000000,31122407.29,-10122407.29
2606,3,0,ready to move,apartment,41600000,41695666.67,-95666.66667
2045,3,0,ready to move,apartment,33000000,34538146.28,-1538146.284
1171,2,1,under construction,apartment,14000000,14432485.81,-432485.8107
1545,3,1,under construction,apartment,22000000,19250132.25,2749867.749
8568,5,0,ready to move,villa,87500000,145238526.2,-57738526.19
1374,3,1,under construction,apartment,28000000,30173185.32,-2173185.317
1650,3,0,ready to move,apartment,17800000,17824483.18,-24483.17867
1457,2,1,under construction,apartment,7500000,9101307.018,-1601307.018
2600,4,0,ready to move,apartment,36400000,26520089.92,9879910.08
2025,3,1,under construction,apartment,12300000,15775533.33,-3475533.333
1995,3,0,ready to move,apartment,11000000,14793312.48,-3793312.479