area,bhk_count,rera_approval,status,flat_type,actual_price,predicted_price,residual
1531,4,1,under construction,apartment,15300000,4.07E+07,-25445748
1785,3,0,ready to move,apartment,12200000,3.03E+07,-18090708
1920,3,0,ready to move,apartment,11500000,3.13E+07,-19768500
2150,3,1,under construction,apartment,14200000,3.81E+07,-23912768
2404,3,0,ready to move,apartment,25900000,3.52E+07,-9328684
2180,4,1,under construction,apartment,15700000,5.85E+07,-42813804
1500,2,0,ready to move,apartment,11700000,2.45E+07,-12767924
2000,3,0,ready to move,apartment,22000000,3.18E+07,-9847936
2206,3,1,under construction,apartment,37800000,3.96E+07,-1830864
2090,3,1,under construction,apartment,29200000,3.65E+07,-7286236
1494,2,0,ready to move,apartment,13100000,2.44E+07,-11316644
1432,3,1,under construction,apartment,27800000,2.96E+07,-1797828
1435,2,0,ready to move,apartment,22900000,2.39E+07,-1012490
1080,0,1,new,plot,9839000,1.67E+07,-6839140
1368,2,1,under construction,apartment,9912000,2.33E+07,-13435450
7452,5,1,under construction,apartment,138300000,1.48E+08,-9399984
4243,4,0,ready to move,apartment,72100000,7.30E+07,-872880
571,2,1,under construction,apartment,2316000,1.58E+07,-13494004
4500,4,0,ready to move,floor,28000000,5.71E+07,-29083992
1347,3,1,under construction,apartment,22200000,2.88E+07,-6550520
7673,4,0,ready to move,apartment,168800000,1.90E+08,-21240592
2000,3,0,ready to move,plot,26000000,2.68E+07,-766574
3000,3,1,under construction,apartment,55500000,5.42E+07,1292072
2422,3,0,ready to move,apartment,21600000,3.54E+07,-13806968
1700,3,0,ready to move,plot,19500000,2.49E+07,-5384256
2090,4,0,ready to move,apartment,26100000,3.55E+07,-9386616
3230,4,1,under construction,apartment,72600000,6.45E+07,8072564
1597,4,0,ready to move,apartment,13500000,3.21E+07,-18605256
2325,4,0,ready to move,apartment,13600000,3.78E+07,-24220196
3532,4,0,ready to move,apartment,134100000,6.52E+07,68892244
4500,0,0,new,plot,64700000,5.85E+07,6224016
1377,2,1,under construction,apartment,18300000,2.34E+07,-5133724
2015,3,1,under construction,apartment,23500000,3.56E+07,-12089308
1490,3,0,ready to move,apartment,14200000,2.82E+07,-13954032
945,0,0,new,plot,7874000,1.67E+07,-8784500
1197,2,1,under construction,apartment,7659000,2.17E+07,-14048944
1700,3,0,ready to move,apartment,22400000,2.97E+07,-7275056
4000,4,0,ready to move,apartment,62000000,7.10E+07,-9021104
2567,3,1,under construction,apartment,27200000,4.76E+07,-20385280
2004,3,0,ready to move,apartment,44300000,3.19E+07,12423086
1960,3,0,ready to move,apartment,17100000,3.16E+07,-14458218
3104,4,0,ready to move,apartment,88500000,5.67E+07,31807000
1264,2,1,under construction,apartment,8088000,2.24E+07,-14262316
1044,2,0,ready to move,apartment,21000000,2.05E+07,484150
3469,3,0,ready to move,apartment,62000000,6.09E+07,1085096
5521,5,0,ready to move,floor,146100000,7.53E+07,70759496
3150,4,0,ready to move,apartment,39900000,5.77E+07,-17800176
1865,3,0,ready to move,apartment,18000000,3.09E+07,-12870140
2700,3,1,under construction,apartment,72500000,4.98E+07,22678036
3800,3,0,ready to move,apartment,19500000,6.80E+07,-48481560
1550,2,0,ready to move,apartment,19500000,2.49E+07,-5396464
900,0,0,new,plot,4400000,1.63E+07,-11874058
1900,3,0,ready to move,apartment,17100000,3.11E+07,-14023632
3240,3,0,ready to move,plot,8500000,3.38E+07,-25337420
1665,3,1,under construction,apartment,35400000,3.19E+07,3479540
3505,4,1,under construction,apartment,67400000,6.58E+07,1593976
2250,3,1,under construction,apartment,45000000,4.08E+07,4176356
3577,4,1,under construction,apartment,64300000,6.64E+07,-2079688
1080,0,1,resale,plot,8500000,2.06E+07,-12132210
3250,4,0,ready to move,apartment,61500000,5.99E+07,1610320
1593,3,1,under construction,apartment,19000000,3.12E+07,-12202736
1075,2,1,under construction,apartment,8899000,2.05E+07,-11639250
1983,3,0,ready to move,apartment,49500000,3.17E+07,17775200
1430,3,0,ready to move,apartment,30000000,2.77E+07,2280544
1400,2,0,ready to move,apartment,6500000,2.36E+07,-17113422
4530,5,0,ready to move,apartment,129200000,7.60E+07,53166464
981,2,1,under construction,apartment,12700000,1.96E+07,-6937014
1642,3,1,under construction,apartment,14900000,3.17E+07,-16791188
2217,3,1,under construction,apartment,28500000,3.99E+07,-11429056
3039,4,1,under construction,apartment,57700000,6.36E+07,-5939400
1535,3,1,under construction,apartment,21400000,3.06E+07,-9224568
2450,3,0,ready to move,apartment,39000000,3.57E+07,3315696
3045,4,0,ready to move,apartment,24500000,5.53E+07,-30803520
3610,4,1,under construction,apartment,52500000,6.68E+07,-14294128
968,3,1,under construction,apartment,33600000,2.50E+07,8613334
3240,1,0,resale,plot,43200000,6.04E+07,-17210072
3090,3,0,ready to move,apartment,57100000,5.24E+07,4745912
2000,3,0,ready to move,plot,14500000,2.68E+07,-12266574
2250,3,0,ready to move,apartment,25000000,3.37E+07,-8703344
4785,4,0,ready to move,apartment,105200000,7.68E+07,28441944
646,3,1,under construction,apartment,2638000,2.19E+07,-19235558
2382,3,0,ready to move,apartment,38100000,3.50E+07,3089224
1669,2,1,under construction,apartment,22000000,2.62E+07,-4234352
2300,4,0,ready to move,apartment,35000000,3.75E+07,-2529468
900,2,0,under construction,plot,4800000,1.66E+07,-11763632
2700,4,0,ready to move,plot,22500000,3.35E+07,-10993188
3415,4,1,under construction,apartment,76800000,6.54E+07,11412432
2595,3,0,ready to move,apartment,25400000,3.78E+07,-12366896
3695,4,1,under construction,apartment,60900000,6.78E+07,-6909480
1750,2,1,under construction,apartment,35000000,2.70E+07,7992922
2700,3,1,under construction,apartment,54000000,4.98E+07,4178036
2407,4,0,ready to move,apartment,31000000,3.99E+07,-8949512
2355,3,1,under construction,apartment,32900000,4.32E+07,-10295116
8100,5,0,ready to move,apartment,90000000,1.81E+08,-91027344
1800,4,0,ready to move,apartment,9500000,3.34E+07,-23919486
2125,3,1,under construction,apartment,11000000,3.74E+07,-26435044
1800,3,0,ready to move,apartment,24500000,3.04E+07,-5899344
1806,3,1,under construction,apartment,36600000,3.33E+07,3268860
1850,3,0,ready to move,plot,18000000,2.58E+07,-7824868
2092,3,0,ready to move,apartment,18100000,3.25E+07,-14414290
1248,2,1,under construction,apartment,7985000,2.22E+07,-14211920
1243,2,0,ready to move,apartment,9944000,2.23E+07,-12325236
2298,4,1,under construction,apartment,505500000,5.96E+07,445924792
2090,3,1,under construction,apartment,30800000,3.65E+07,-5686236
1850,3,1,under construction,apartment,24900000,3.38E+07,-8872760
1900,3,0,ready to move,floor,15000000,2.52E+07,-10212050
2279,3,0,ready to move,apartment,26200000,3.40E+07,-7790588
2950,4,0,ready to move,apartment,47700000,5.34E+07,-5677540
1000,3,0,ready to move,plot,3800000,2.06E+07,-16764946
900,3,0,ready to move,apartment,6000000,2.33E+07,-17342328
1955,3,1,under construction,apartment,33800000,3.49E+07,-1083112
3355,4,0,ready to move,apartment,63500000,6.21E+07,1424440
5100,5,0,ready to move,apartment,85000000,8.20E+07,3034144
4518,4,0,ready to move,floor,37500000,5.74E+07,-19864128
1235,3,1,under construction,apartment,11700000,2.76E+07,-15934064
1145,2,0,ready to move,apartment,7200000,2.14E+07,-14205756
1528,3,1,under construction,apartment,18300000,3.06E+07,-12254800
746,2,1,under construction,apartment,3760000,1.74E+07,-13683052
2486,4,1,under construction,apartment,49700000,6.10E+07,-11304680
607,2,1,under construction,apartment,2473000,1.61E+07,-13672946
2549,3,1,under construction,apartment,54200000,4.72E+07,6959032
1890,3,0,ready to move,apartment,16800000,3.11E+07,-14251214
2191,4,0,ready to move,apartment,31000000,3.64E+07,-5407308
3844,3,0,ready to move,apartment,84500000,6.87E+07,15787216
5852,4,0,ready to move,house,101000000,9.23E+07,8689888
1200,2,0,ready to move,apartment,9000000,2.19E+07,-12890362
1620,1,0,resale,plot,24000000,3.87E+07,-14689660
1800,3,0,ready to move,apartment,15000000,3.04E+07,-15399344
1222,2,0,ready to move,apartment,7800000,2.21E+07,-14284206
1711,3,1,under construction,apartment,21000000,3.24E+07,-11379008
2567,3,1,under construction,apartment,27200000,4.76E+07,-20385280
750,2,0,ready to move,apartment,2200000,1.79E+07,-15725436
2054,3,1,under construction,apartment,34900000,3.60E+07,-1146660
1450,3,0,ready to move,apartment,15500000,2.79E+07,-12364314
1099,3,1,under construction,apartment,29100000,2.63E+07,2821628
1730,3,1,under construction,apartment,14000000,3.26E+07,-18568406
2800,4,0,ready to move,floor,21000000,3.57E+07,-14706532
3313,3,0,ready to move,apartment,119200000,5.73E+07,61875228
3240,1,0,resale,plot,45000000,6.04E+07,-15410072
3395,4,0,ready to move,apartment,56000000,6.28E+07,-6797128
6768,5,0,ready to move,villa,77500000,1.16E+08,-38020432
3160,4,0,ready to move,apartment,100000000,5.79E+07,42080872
6096,5,1,under construction,apartment,113100000,1.18E+08,-4824984
825,2,0,ready to move,apartment,4800000,1.86E+07,-13786254
2162,4,1,under construction,apartment,15300000,5.83E+07,-43003208
3400,4,0,ready to move,floor,45000000,3.98E+07,5185052
2945,3,1,under construction,apartment,56500000,5.34E+07,3059892
2799,4,1,under construction,floor,34000000,3.42E+07,-225324
1120,3,1,under construction,apartment,6500000,2.65E+07,-19987702
2150,3,1,under construction,apartment,49400000,3.81E+07,11287232
1640,2,0,ready to move,apartment,19800000,2.56E+07,-5763968
2060,4,1,under construction,apartment,453200000,5.68E+07,396410552
1328,3,1,under construction,apartment,12500000,2.86E+07,-16061120
1450,3,1,under construction,apartment,14700000,2.98E+07,-15077260
2700,4,0,ready to move,plot,25000000,3.35E+07,-8493188
2435,4,1,under construction,apartment,32500000,6.06E+07,-28116896
450,0,0,new,plot,1020000,1.24E+07,-11409722
900,0,0,resale,plot,16000000,2.76E+07,-11554360
1611,3,1,under construction,floor,19600000,2.19E+07,-2330568
1435,2,0,ready to move,apartment,22900000,2.39E+07,-1012490
2800,3,0,ready to move,floor,14700000,3.21E+07,-17359260
2060,4,0,ready to move,apartment,29800000,3.52E+07,-5448512
3150,0,0,new,plot,45300000,3.52E+07,10059832
2549,3,1,under construction,apartment,35000000,4.72E+07,-12240968
6147,5,0,ready to move,apartment,233400000,1.09E+08,124689128
1440,3,0,ready to move,apartment,18700000,2.78E+07,-9091880
1964,2,1,under construction,apartment,39200000,2.90E+07,10154248
1352,3,1,under construction,apartment,22300000,2.88E+07,-6500364
376,1,1,under construction,apartment,1504000,8.95E+06,-7450026
1530,3,1,under construction,apartment,19800000,3.06E+07,-10774728
810,2,0,ready to move,house,3500000,2.58E+07,-22346904
1976,3,1,under construction,apartment,39500000,3.51E+07,4363656
2103,3,0,ready to move,apartment,25000000,3.26E+07,-7593968
2343,3,1,under construction,apartment,23300000,4.30E+07,-19651200
1968,4,1,under construction,apartment,13000000,5.44E+07,-41360864
1463,2,0,ready to move,apartment,20000000,2.42E+07,-4151752
745,3,0,ready to move,apartment,5000000,2.20E+07,-16979244
1158,2,0,ready to move,apartment,8000000,2.15E+07,-13520312
2320,3,0,ready to move,apartment,25500000,3.44E+07,-8896680
3600,4,0,ready to move,plot,22000000,3.82E+07,-16207820
356,1,1,under construction,apartment,1453000,8.77E+06,-7315118
2434,4,1,under construction,apartment,41800000,6.06E+07,-18809292
1138,2,1,under construction,apartment,13700000,2.11E+07,-7442274
1650,4,0,ready to move,floor,18500000,2.60E+07,-7523744
2095,3,0,ready to move,apartment,46000000,3.25E+07,13463986
2450,3,0,ready to move,apartment,30600000,3.57E+07,-5084304
1269,2,1,under construction,apartment,7500000,2.24E+07,-14898262
548,2,1,under construction,apartment,2192000,1.56E+07,-13403372
1751,3,1,under construction,apartment,9800000,3.28E+07,-22979108
1383,2,0,ready to move,apartment,12400000,2.35E+07,-11068154
2300,3,0,ready to move,apartment,54100000,3.42E+07,19901412
2900,3,0,ready to move,apartment,52200000,4.78E+07,4405792
4518,4,0,ready to move,floor,50000000,5.74E+07,-7364128
2945,3,1,under construction,apartment,56500000,5.34E+07,3059892
918,2,0,ready to move,apartment,4865000,1.94E+07,-14540674
3600,4,0,ready to move,floor,45000000,4.14E+07,3560892
4000,4,0,ready to move,apartment,33000000,7.10E+07,-38021104
4518,4,0,ready to move,floor,65000000,5.74E+07,7635872
1800,3,0,under construction,plot,12500000,2.82E+07,-15677184
2215,3,0,ready to move,apartment,35800000,3.34E+07,2394832
2925,3,0,ready to move,apartment,25100000,4.84E+07,-23345364
3518,3,0,ready to move,apartment,84400000,6.23E+07,22146304
1955,3,1,under construction,apartment,39100000,3.49E+07,4216888
4500,4,0,ready to move,apartment,70000000,7.47E+07,-4714864
2138,3,0,ready to move,apartment,25000000,3.28E+07,-7847462
6900,4,0,ready to move,apartment,63100000,1.48E+08,-84430528
3532,4,0,ready to move,apartment,134100000,6.52E+07,68892244
9000,5,0,ready to move,plot,127000000,9.86E+07,28444608
1450,2,0,ready to move,apartment,11600000,2.40E+07,-12440666
3843,3,0,ready to move,apartment,84500000,6.87E+07,15800456
1402,3,1,under construction,apartment,29800000,2.93E+07,501224
1893,2,1,under construction,apartment,33000000,2.84E+07,4630632
1100,3,0,ready to move,plot,4500000,2.12E+07,-16661368
2200,4,0,ready to move,apartment,24400000,3.65E+07,-12099964
2995,4,0,ready to move,apartment,85300000,5.43E+07,31010148
2160,3,0,ready to move,floor,13500000,2.73E+07,-13841028
1381,2,0,ready to move,apartment,30900000,2.35E+07,7448936
2003,3,0,ready to move,apartment,55700000,3.19E+07,23830338
3850,3,0,ready to move,apartment,84700000,6.88E+07,15907664
3956,4,1,under construction,apartment,80100000,7.11E+07,9046144
3618,4,0,ready to move,plot,45000000,3.83E+07,6663996
1702,4,1,under construction,apartment,28000000,4.58E+07,-17805384
2655,3,0,ready to move,apartment,42400000,3.98E+07,2642644
2200,3,1,under construction,apartment,28600000,3.95E+07,-10868208
1731,4,1,under construction,apartment,68400000,4.68E+07,21605160
2540,4,0,ready to move,plot,37500000,3.27E+07,4786244
1946,3,1,under construction,apartment,38900000,3.48E+07,4129028
1204,0,0,new,plot,17300000,1.89E+07,-1571124
3088,4,0,ready to move,apartment,117200000,5.63E+07,60858548
1357,3,1,under construction,apartment,55900000,2.89E+07,27049796
2800,4,1,under construction,apartment,36400000,6.25E+07,-26128196
500,2,0,ready to move,plot,3100000,1.43E+07,-11198688
1362,3,0,ready to move,apartment,13000000,2.72E+07,-14226940
1975,3,1,under construction,apartment,39500000,3.51E+07,4375184
1105,2,1,under construction,apartment,9500000,2.08E+07,-11325888
1567,4,1,under construction,apartment,33300000,4.18E+07,-8506248
1035,0,0,resale,plot,27500000,2.87E+07,-1239576
990,2,0,ready to move,apartment,19900000,2.00E+07,-140068
3243,3,0,ready to move,apartment,48600000,5.58E+07,-7191880
1565,3,0,ready to move,apartment,6900000,2.87E+07,-21797252
950,2,0,ready to move,plot,4800000,1.77E+07,-12851182
3240,4,0,ready to move,house,42500000,5.57E+07,-13208924
2700,4,0,ready to move,floor,30000000,3.49E+07,-4923272
2435,3,0,ready to move,apartment,15600000,3.55E+07,-19935732
2100,0,0,new,plot,32600000,2.65E+07,6074372
3044,4,0,ready to move,apartment,38000000,5.53E+07,-17283248
2410,3,1,under construction,apartment,45700000,4.43E+07,1386928
4500,4,0,ready to move,plot,60000000,5.22E+07,7813528
1308,3,1,under construction,apartment,30700000,2.84E+07,2338248
780,2,1,under construction,apartment,7222000,1.78E+07,-10538330
3130,4,0,ready to move,apartment,30000000,5.73E+07,-27262276
900,2,0,ready to move,plot,3800000,1.73E+07,-13478672
2421,0,0,new,plot,15000000,2.93E+07,-14267916
5579,4,0,ready to move,plot,39500000,6.24E+07,-22949136
3387,4,1,under construction,apartment,65000000,6.53E+07,-257396
1642,3,1,under construction,apartment,19900000,3.17E+07,-11791184
4500,1,0,resale,plot,75000000,7.74E+07,-2384256
1593,3,1,under construction,floor,17500000,2.18E+07,-4267462
1500,3,0,ready to move,plot,7200000,2.36E+07,-16435270
2025,3,0,ready to move,plot,9000000,2.69E+07,-17923524
1976,3,1,under construction,apartment,39500000,3.51E+07,4363656
1457,3,0,ready to move,apartment,10500000,2.79E+07,-17415024
2262,3,1,under construction,apartment,27100000,4.11E+07,-14048956
2610,3,0,ready to move,apartment,75000000,3.83E+07,36735492
1358,2,1,under construction,apartment,23000000,2.33E+07,-251564
2360,3,0,ready to move,apartment,24400000,3.48E+07,-10392864
1120,3,1,under construction,apartment,12500000,2.65E+07,-13987702
3455,4,0,ready to move,apartment,41400000,6.40E+07,-22620368
2134,3,0,ready to move,apartment,25000000,3.28E+07,-7818494
1169,3,1,under construction,apartment,29900000,2.70E+07,2923852
4572,4,0,ready to move,villa,88700000,8.21E+07,6577728
1620,3,1,under construction,floor,21000000,2.20E+07,-1012126
2441,2,0,ready to move,apartment,25000000,3.13E+07,-6333328
1900,3,0,ready to move,floor,27500000,2.52E+07,2287950
2090,3,1,under construction,apartment,29200000,3.65E+07,-7286236
1582,4,1,under construction,apartment,33600000,4.22E+07,-8648128
1535,3,0,ready to move,apartment,56000000,2.85E+07,27520036
2061,4,0,ready to move,apartment,30000000,3.53E+07,-5256448
2220,3,0,ready to move,plot,7000000,2.81E+07,-21147736
2835,4,1,under construction,apartment,15700000,6.27E+07,-46990920
2230,3,0,ready to move,apartment,40100000,3.35E+07,6586188
2880,4,0,under construction,plot,32500000,3.75E+07,-5043476
1200,3,0,ready to move,plot,4500000,2.18E+07,-17261802
1950,3,0,ready to move,apartment,11000000,3.15E+07,-20485792
2382,3,0,ready to move,apartment,16500000,3.50E+07,-18510776
2850,3,0,ready to move,apartment,62700000,4.62E+07,16473652
1850,3,1,under construction,apartment,22200000,3.38E+07,-11572764
1800,0,0,new,plot,14900000,2.40E+07,-9062736
2800,3,0,ready to move,plot,26000000,3.17E+07,-5700808
3150,4,1,under construction,apartment,25000000,6.42E+07,-39155480
2700,3,0,ready to move,floor,31000000,3.13E+07,-322038
1470,3,1,under construction,apartment,22700000,3.00E+07,-7276624
1895,3,1,under construction,apartment,37900000,3.42E+07,3675576
1457,2,0,ready to move,apartment,14500000,2.41E+07,-9600480
1569,4,1,under construction,apartment,33400000,4.19E+07,-8465168
750,2,0,ready to move,apartment,6500000,1.79E+07,-11425436
2000,3,0,under construction,plot,12500000,2.96E+07,-17111068
1450,3,0,ready to move,plot,12000000,2.33E+07,-11323032
1860,3,1,under construction,apartment,20400000,3.39E+07,-13473128
1067,2,1,under construction,apartment,9000000,2.05E+07,-11461552
730,2,1,under construction,apartment,5657000,1.73E+07,-11636742
2390,4,0,ready to move,apartment,19500000,3.95E+07,-20011080
1261,3,1,under construction,apartment,26800000,2.79E+07,-1093244
6600,5,0,ready to move,villa,70000000,1.14E+08,-43857576
1657,4,0,ready to move,apartment,34400000,3.25E+07,1859790
2812,3,0,ready to move,apartment,28000000,4.50E+07,-16965724
1500,3,0,ready to move,plot,11000000,2.36E+07,-12635270
1145,2,1,under construction,apartment,16000000,2.12E+07,-5209386
2595,3,0,ready to move,apartment,57000000,3.78E+07,19233104
2440,4,1,under construction,apartment,43900000,6.07E+07,-16754912
1630,2,0,ready to move,apartment,34200000,2.55E+07,8706924
6000,3,0,ready to move,apartment,109000000,1.06E+08,2828144
400,1,1,under construction,apartment,1630000,9.18E+06,-7547112
2549,3,1,under construction,apartment,35000000,4.72E+07,-12240968
6521,5,0,ready to move,house,354600000,1.01E+08,253685808
2015,3,1,under construction,apartment,40800000,3.56E+07,5210692
2550,3,0,ready to move,apartment,27400000,3.67E+07,-9300456
3680,4,1,under construction,apartment,68200000,6.76E+07,577688
646,3,0,ready to move,apartment,2584000,2.11E+07,-18524624
2962,3,0,ready to move,apartment,65100000,4.94E+07,15697112
1025,3,1,under construction,apartment,15900000,2.55E+07,-9644202
1261,2,0,ready to move,apartment,21400000,2.24E+07,-1025660
3529,4,0,ready to move,apartment,134000000,6.52E+07,68838248
716,1,0,ready to move,apartment,9630000,1.32E+07,-3598358
1205,3,1,under construction,apartment,15000000,2.73E+07,-12335010
2072,3,1,under construction,apartment,19200000,3.63E+07,-17057744
3240,0,0,resale,plot,46800000,5.21E+07,-5348936
1500,1,0,under construction,apartment,15000000,2.06E+07,-5591594
1614,3,1,under construction,apartment,13900000,3.14E+07,-17512074
676,2,0,ready to move,plot,4000000,1.56E+07,-11609884
1180,3,1,under construction,apartment,14000000,2.71E+07,-13085804
1200,3,0,ready to move,plot,3600000,2.18E+07,-18161802
2249,4,1,under construction,apartment,494700000,5.92E+07,435540864
6260,6,0,ready to move,apartment,118300000,1.07E+08,11008720
1650,3,1,under construction,apartment,33000000,3.18E+07,1229064
450,0,0,new,plot,325000,1.24E+07,-12104722
1518,3,1,under construction,apartment,23900000,3.05E+07,-6555108
1625,2,0,ready to move,apartment,34100000,2.55E+07,8642360
1464,4,1,under construction,apartment,44100000,3.88E+07,5327960
1352,3,1,under construction,apartment,22300000,2.88E+07,-6500364
2150,3,0,ready to move,apartment,19900000,3.29E+07,-13034372
1440,3,0,ready to move,apartment,18700000,2.78E+07,-9091880
2250,4,0,ready to move,apartment,32000000,3.70E+07,-5014716
2072,3,1,under construction,apartment,27500000,3.63E+07,-8757744
4518,0,0,resale,plot,57500000,7.42E+07,-16701976
750,2,0,ready to move,floor,2650000,1.14E+07,-8723686
1435,3,1,under construction,apartment,6999000,2.96E+07,-22628740
4968,4,0,ready to move,apartment,109200000,7.87E+07,30493936
2047,3,0,ready to move,apartment,33700000,3.22E+07,1511650
2090,3,1,under construction,apartment,30800000,3.65E+07,-5686236
848,2,1,under construction,apartment,19000000,1.84E+07,605112
1650,3,0,ready to move,apartment,20000000,2.93E+07,-9312900
333,1,1,under construction,apartment,1382000,8.55E+06,-7172334
1469,4,1,under construction,apartment,55000000,3.89E+07,16080668
1975,3,1,under construction,apartment,39500000,3.51E+07,4375184
3461,4,0,ready to move,apartment,22500000,6.41E+07,-41619040
1572,0,0,new,plot,11300000,2.20E+07,-10714930
2795,3,1,under construction,apartment,46100000,5.12E+07,-5124920
1800,3,1,under construction,apartment,16500000,3.33E+07,-16770918
2700,4,0,ready to move,apartment,45000000,4.75E+07,-2506040
2150,3,0,ready to move,apartment,16000000,3.29E+07,-16934372
700,2,1,under construction,apartment,2100000,1.70E+07,-14913800
2000,3,0,ready to move,floor,13500000,2.60E+07,-12542816
2668,3,0,ready to move,apartment,42900000,4.02E+07,2711384
1450,3,0,ready to move,plot,10500000,2.33E+07,-12823032
5160,4,0,ready to move,apartment,77400000,8.15E+07,-4131584
2000,3,0,ready to move,plot,11000000,2.68E+07,-15766574
1465,2,1,under construction,apartment,11800000,2.43E+07,-12477444
5805,99,0,new,plot,33500000,5.00E+07,-16502496
4500,4,0,ready to move,plot,60000000,5.22E+07,7813528
1930,3,0,ready to move,apartment,8100000,3.13E+07,-23240928
7851,5,0,ready to move,apartment,172700000,1.71E+08,1903328
1300,2,1,under construction,apartment,286000000,2.27E+07,263304524
1508,2,1,under construction,apartment,18400000,2.47E+07,-6289720
4500,4,0,ready to move,apartment,72900000,7.47E+07,-1814864
1330,2,1,under construction,apartment,292600000,2.30E+07,269616892
2700,4,0,ready to move,plot,27500000,3.35E+07,-5993188
1852,3,1,under construction,apartment,12700000,3.38E+07,-21092832
1780,3,0,ready to move,apartment,10500000,3.03E+07,-19754480
2273,4,0,ready to move,apartment,19700000,3.73E+07,-17551504
1975,3,1,under construction,apartment,39500000,3.51E+07,4375184
2440,4,1,under construction,apartment,43900000,6.07E+07,-16754912
2576,4,0,ready to move,apartment,22400000,4.43E+07,-21908060
1528,3,1,under construction,apartment,18500000,3.06E+07,-12054796
4000,3,0,ready to move,apartment,40000000,7.02E+07,-30172096
2700,0,0,new,plot,22500000,3.17E+07,-9151398
850,2,0,ready to move,apartment,6800000,1.88E+07,-12006526
2650,3,0,ready to move,apartment,38400000,3.96E+07,-1191476
2248,4,1,under construction,apartment,44900000,5.91E+07,-14249784
1750,3,0,ready to move,apartment,21000000,3.00E+07,-9037200
1900,3,0,ready to move,apartment,15700000,3.11E+07,-15423632
1966,3,0,ready to move,apartment,32500000,3.16E+07,898320
3400,4,1,under construction,floor,44000000,4.43E+07,-293356
3240,4,0,ready to move,floor,29900000,3.89E+07,-8973888
1955,3,1,under construction,apartment,33800000,3.49E+07,-1083112
1550,2,0,ready to move,plot,6000000,2.17E+07,-15743770
9500,5,0,ready to move,apartment,706000000,2.37E+08,469110480
1750,2,0,under construction,plot,38500000,2.42E+07,14263348
2766,3,1,under construction,apartment,45600000,5.08E+07,-5196644
1518,3,1,under construction,apartment,18200000,3.05E+07,-12255108
2400,3,0,ready to move,apartment,18000000,3.52E+07,-17189064
4000,4,0,ready to move,villa,90000000,7.23E+07,17699800
1700,3,0,ready to move,floor,16000000,2.36E+07,-7550504
3000,6,0,ready to move,plot,95000000,3.83E+07,56725916
2937,3,1,under construction,apartment,54500000,5.33E+07,1178044
4216,4,0,ready to move,apartment,57800000,7.28E+07,-14988560
1381,2,1,under construction,apartment,16000000,2.35E+07,-7472082
3700,4,0,ready to move,apartment,66600000,6.76E+07,-959456
2105,3,1,under construction,apartment,42100000,3.69E+07,5207132
3558,4,1,under construction,apartment,96200000,6.62E+07,29993696
3909,4,0,ready to move,villa,75800000,7.08E+07,4957912
2077,3,1,under construction,apartment,45500000,3.63E+07,9183624
3600,4,0,ready to move,floor,25500000,4.14E+07,-15939108
1200,2,0,ready to move,apartment,9600000,2.19E+07,-12290362
2550,3,0,ready to move,apartment,48200000,3.67E+07,11499544
2844,3,0,resale,plot,47400000,5.65E+07,-9142400
6840,4,0,ready to move,plot,46500000,7.47E+07,-28157856
3240,4,0,ready to move,floor,23000000,3.89E+07,-15873888
10000,6,0,ready to move,penthouse,460000000,1.63E+08,297467328
2250,3,1,under construction,apartment,39300000,4.08E+07,-1523644
2403,0,0,new,plot,32700000,2.91E+07,3585862
540,0,0,new,plot,960000,1.32E+07,-12238594
3844,3,0,ready to move,apartment,84500000,6.87E+07,15787216
2875,4,0,ready to move,apartment,18500000,5.17E+07,-33193232
2448,4,0,ready to move,apartment,68100000,4.10E+07,27093088
1091,3,1,under construction,apartment,37800000,2.62E+07,11601380
2637,4,1,under construction,apartment,18000000,6.18E+07,-43770336
1701,0,0,new,plot,10000000,2.31E+07,-13116974
1055,2,1,under construction,apartment,9581000,2.03E+07,-10765492
1751,3,1,under construction,apartment,15500000,3.28E+07,-17279108
2631,4,0,ready to move,apartment,18900000,4.57E+07,-26826516
3980,4,0,ready to move,apartment,71600000,7.08E+07,782640
1123,2,1,under construction,floor,9300000,1.25E+07,-3225674
2720,4,0,ready to move,apartment,43000000,4.80E+07,-5021848
1350,2,0,ready to move,apartment,29800000,2.32E+07,6613838
4096,4,0,ready to move,apartment,90100000,7.19E+07,18199896
1975,3,1,under construction,apartment,39500000,3.51E+07,4375184
2200,3,0,ready to move,plot,13000000,2.80E+07,-15022166
2000,3,1,under construction,apartment,26800000,3.54E+07,-8613408
1665,3,1,under construction,apartment,35400000,3.19E+07,3479540
1390,3,0,ready to move,apartment,19400000,2.74E+07,-8029728
2375,3,0,ready to move,apartment,36800000,3.49E+07,1858548
1020,2,1,under construction,apartment,10200000,2.00E+07,-9810930
1440,2,0,ready to move,apartment,8000000,2.40E+07,-15955216
2343,4,0,ready to move,apartment,34000000,3.83E+07,-4288908
600,2,1,under construction,apartment,2380000,1.61E+07,-13700624
1310,2,1,under construction,apartment,20900000,2.28E+07,-1891354
2809,4,0,ready to move,plot,25000000,3.40E+07,-9024180
2700,4,0,ready to move,floor,27200000,3.49E+07,-7723272
1711,3,0,ready to move,apartment,35000000,2.98E+07,5245280
6838,5,1,under construction,apartment,126900000,1.34E+08,-6708136
1692,3,1,under construction,apartment,16500000,3.22E+07,-15689606
900,0,0,new,plot,11700000,1.63E+07,-4574058
4518,4,0,ready to move,floor,66000000,5.74E+07,8635872
1745,3,1,under construction,apartment,30000000,3.27E+07,-2718888
4200,5,0,ready to move,plot,31500000,4.98E+07,-18252656
1179,0,1,new,plot,10700000,1.72E+07,-6526428
1105,2,0,ready to move,apartment,8851000,2.11E+07,-12202318
1579,3,0,ready to move,apartment,22100000,2.88E+07,-6698660
3154,4,0,ready to move,apartment,28200000,5.78E+07,-29587760
675,2,0,ready to move,plot,5600000,1.56E+07,-10002436
2150,3,0,ready to move,plot,38000000,2.77E+07,10291730
3762,4,1,under construction,apartment,60700000,6.86E+07,-7945464
9000,5,0,ready to move,penthouse,85000000,1.09E+08,-24272288
1200,1,0,ready to move,apartment,20700000,1.73E+07,3372534
2505,4,0,ready to move,apartment,23800000,4.25E+07,-18676952
3387,4,1,under construction,apartment,65000000,6.53E+07,-257392
3240,6,0,ready to move,apartment,57500000,6.28E+07,-5314280
5790,4,0,ready to move,apartment,101300000,9.92E+07,2124360
10000,5,0,ready to move,floor,145000000,1.60E+08,-14854176
4480,4,0,ready to move,apartment,98500000,7.46E+07,23909328
4500,4,0,ready to move,apartment,35000000,7.47E+07,-39714864
578,2,1,under construction,apartment,2362000,1.59E+07,-13513332
591,2,1,under construction,apartment,2414000,1.60E+07,-13582646
2441,3,0,ready to move,apartment,22300000,3.56E+07,-13295160
2700,3,0,ready to move,floor,25000000,3.13E+07,-6322038
2945,4,1,under construction,apartment,66200000,6.32E+07,2997640
900,0,0,new,plot,1000000,1.63E+07,-15274058
4128,4,1,under construction,apartment,76600000,7.36E+07,3033280
3090,3,1,under construction,apartment,33900000,5.53E+07,-21376352
5000,4,0,ready to move,apartment,53500000,7.92E+07,-25674560
1692,3,0,ready to move,apartment,21100000,2.96E+07,-8517112
2600,3,1,under construction,apartment,42900000,4.82E+07,-5257588
2430,4,0,ready to move,plot,22000000,3.20E+07,-10037612
6000,4,0,ready to move,apartment,96000000,1.05E+08,-9158568
700,2,0,ready to move,apartment,5500000,1.75E+07,-11984886
3800,4,1,under construction,apartment,72200000,6.91E+07,3080400
595,2,1,under construction,apartment,2415000,1.60E+07,-13618968
4430,4,1,under construction,apartment,88600000,8.03E+07,8314584
3375,4,0,ready to move,apartment,28000000,6.24E+07,-34412728
1405,3,1,under construction,apartment,25200000,2.93E+07,-4128680
3100,4,0,ready to move,plot,22600000,3.53E+07,-12704840
2393,4,1,under construction,apartment,16100000,6.03E+07,-44197544
810,0,0,new,plot,10300000,1.55E+07,-5205198
2450,4,0,ready to move,apartment,29500000,4.11E+07,-11558492
2283,5,1,under construction,apartment,37600000,6.33E+07,-25740296
1950,3,0,ready to move,apartment,24000000,3.15E+07,-7485792
1700,3,0,ready to move,apartment,22400000,2.97E+07,-7275056
1455,2,1,under construction,apartment,17000000,2.42E+07,-7181568
2400,3,0,ready to move,plot,38000000,2.93E+07,8722250
1822,3,0,ready to move,apartment,14900000,3.06E+07,-15658692
2700,4,0,ready to move,apartment,45000000,4.75E+07,-2506040
4221,4,0,ready to move,villa,81900000,7.57E+07,6177224
1190,3,1,under construction,floor,12000000,1.81E+07,-6115706
2300,4,0,under construction,floor,33000000,3.25E+07,474394
1105,0,0,new,plot,15000000,1.80E+07,-3025366
1200,3,0,ready to move,plot,6000000,2.18E+07,-15761802
786,2,0,ready to move,apartment,8802000,1.82E+07,-9440626
2630,4,1,under construction,apartment,38700000,6.17E+07,-23037792
1692,2,1,under construction,apartment,27600000,2.65E+07,1145452
6297,0,0,new,plot,52400000,1.17E+08,-64126792
1380,2,0,ready to move,apartment,6000000,2.34E+07,-17442514
5310,4,0,ready to move,apartment,116800000,8.54E+07,31354320
1138,2,1,under construction,apartment,13700000,2.11E+07,-7442274
6900,4,0,ready to move,apartment,110400000,1.48E+08,-37130528
4100,5,1,under construction,apartment,67600000,8.11E+07,-13519720
1900,3,0,ready to move,plot,14000000,2.61E+07,-12138772
2191,4,0,ready to move,apartment,20000000,3.64E+07,-16407308
3008,4,0,ready to move,apartment,27500000,5.46E+07,-27053408
582,2,1,under construction,apartment,2379000,1.59E+07,-13533654
2700,0,0,resale,plot,42000000,4.20E+07,10276
2440,4,1,under construction,apartment,43900000,6.07E+07,-16754912
4430,4,1,under construction,apartment,88600000,8.03E+07,8314584
1720,3,0,ready to move,apartment,16000000,2.98E+07,-13819908
3400,4,1,under construction,floor,43000000,4.43E+07,-1293356
4366,4,0,ready to move,apartment,65400000,7.38E+07,-8412496
2900,4,0,ready to move,apartment,78100000,5.23E+07,25832080
2650,3,0,ready to move,apartment,24500000,3.96E+07,-15091476
1860,3,0,ready to move,apartment,33500000,3.08E+07,2666078
2071,3,1,under construction,apartment,23200000,3.62E+07,-13046016
2164,4,0,ready to move,floor,32500000,3.04E+07,2096062
1692,3,1,under construction,apartment,16500000,3.22E+07,-15689606
1190,3,1,under construction,apartment,16600000,2.72E+07,-10585492
1370,3,0,ready to move,apartment,16700000,2.73E+07,-10584876
2430,3,0,ready to move,floor,22500000,2.93E+07,-6831532
1205,3,1,under construction,apartment,11600000,2.73E+07,-15735010
1525,3,1,under construction,apartment,12900000,3.05E+07,-17624890
1614,0,1,new,plot,22000000,1.96E+07,2364406
4128,4,1,under construction,apartment,76600000,7.36E+07,3033280
3223,3,1,under construction,apartment,35400000,5.69E+07,-21451448
4500,4,0,ready to move,floor,40000000,5.71E+07,-17083992
1280,3,1,under construction,apartment,22000000,2.81E+07,-6082640
1352,3,1,under construction,apartment,22300000,2.88E+07,-6500364
3150,4,0,ready to move,apartment,22000000,5.77E+07,-35700184
2726,4,0,ready to move,plot,37500000,3.36E+07,3880156
1620,0,0,new,plot,11700000,2.24E+07,-10725004
1300,3,0,ready to move,apartment,17000000,2.68E+07,-9777876
1120,3,1,under construction,apartment,6794000,2.65E+07,-19693702
940,2,0,ready to move,floor,11000000,1.31E+07,-2072010
16000,6,0,ready to move,apartment,1189100000,3.77E+08,811808480
9000,5,0,ready to move,apartment,668900000,2.15E+08,453563232
2071,3,1,under construction,apartment,23200000,3.62E+07,-13046016
3240,4,0,ready to move,floor,46000000,3.89E+07,7126112
1264,2,1,under construction,apartment,7000000,2.24E+07,-15350316
1310,2,1,under construction,apartment,9500000,2.28E+07,-13291354
1640,2,0,ready to move,apartment,11800000,2.56E+07,-13763968
3956,4,1,under construction,apartment,80100000,7.11E+07,9046144
1250,3,0,ready to move,floor,12500000,1.98E+07,-7256894
1000,1,1,under construction,apartment,22000000,1.47E+07,7263478
2300,4,0,ready to move,apartment,35000000,3.75E+07,-2529468
5521,4,0,ready to move,villa,125500000,9.94E+07,26094096
5082,4,1,under construction,apartment,94300000,9.62E+07,-1932904
607,2,1,under construction,apartment,2428000,1.61E+07,-13717946
2553,4,1,under construction,apartment,28700000,6.14E+07,-32679784
1347,4,1,under construction,apartment,44900000,3.65E+07,8443072
1200,2,0,ready to move,apartment,10300000,2.19E+07,-11590362
2700,4,0,ready to move,floor,33000000,3.49E+07,-1923272
2035,3,1,under construction,apartment,24400000,3.58E+07,-11423844
1381,2,1,under construction,apartment,12300000,2.35E+07,-11172082
1205,3,1,under construction,apartment,11000000,2.73E+07,-16335010
2040,3,1,under construction,apartment,30400000,3.59E+07,-5482480
915,2,1,under construction,apartment,6480000,1.90E+07,-12540114
1572,3,0,ready to move,apartment,14500000,2.87E+07,-14247948
2847,4,0,ready to move,apartment,45500000,5.10E+07,-5549608
2300,4,0,ready to move,floor,23500000,3.16E+07,-8071130
1800,3,0,ready to move,floor,21500000,2.44E+07,-2881280
3200,4,0,ready to move,apartment,17000000,5.88E+07,-41794928
8580,6,0,ready to move,apartment,162200000,1.74E+08,-11666080
1762,2,0,ready to move,apartment,20500000,2.64E+07,-5938268
399,1,1,under construction,apartment,1452000,9.17E+06,-7715812
3395,4,0,ready to move,apartment,84800000,6.28E+07,22002872
900,0,0,new,plot,8500000,1.63E+07,-7774058
1200,2,0,ready to move,apartment,5600000,2.19E+07,-16290362
5222,5,0,ready to move,villa,88100000,9.56E+07,-7507360
3093,4,1,under construction,apartment,127600000,6.39E+07,63709536
1383,3,1,under construction,apartment,31000000,2.91E+07,1890618
9000,0,0,resale,plot,135000000,1.11E+08,23934304
768,2,1,under construction,apartment,2414000,1.76E+07,-15234354
6450,5,0,ready to move,apartment,141900000,1.17E+08,24458184
5987,99,0,new,plot,36500000,5.02E+07,-13677568
1161,0,1,new,plot,9099000,1.71E+07,-8027734
1840,3,0,ready to move,apartment,11700000,3.07E+07,-18989060
2985,3,0,ready to move,apartment,35800000,5.00E+07,-14196084
1545,3,1,under construction,apartment,15500000,3.07E+07,-15224256
5000,5,0,ready to move,apartment,36000000,8.09E+07,-44903376
2250,4,0,ready to move,apartment,25300000,3.70E+07,-11714716
3078,4,0,ready to move,plot,19500000,3.52E+07,-15715472
4100,5,1,under construction,apartment,67600000,8.11E+07,-13519720
2290,3,0,ready to move,apartment,29100000,3.41E+07,-4999540
2408,3,0,ready to move,apartment,20000000,3.53E+07,-15268300
1199,2,0,ready to move,apartment,10100000,2.19E+07,-11781562
6096,5,1,under construction,apartment,90000000,1.18E+08,-27924984
2051,3,0,ready to move,apartment,32500000,3.22E+07,282672
2600,3,1,under construction,apartment,42900000,4.82E+07,-5257588
1080,0,1,resale,plot,9500000,2.06E+07,-11132210
1210,2,1,under construction,apartment,10200000,2.18E+07,-11632582
1572,3,0,ready to move,apartment,10600000,2.87E+07,-18147956
1440,0,1,new,plot,16900000,1.87E+07,-1771942
1295,2,0,ready to move,apartment,8000000,2.27E+07,-14716186
581,2,1,under construction,apartment,2325000,1.59E+07,-13578324
1640,3,1,under construction,apartment,12500000,3.17E+07,-19171250
2107,3,1,under construction,apartment,34700000,3.69E+07,-2247088
1215,2,1,under construction,apartment,8505000,2.19E+07,-13375524
1503,2,0,ready to move,apartment,13200000,2.45E+07,-11293550
2283,5,1,under construction,apartment,37600000,6.33E+07,-25740296
1614,3,0,ready to move,apartment,31100000,2.91E+07,2047848
1800,3,0,ready to move,floor,23500000,2.44E+07,-881284
3400,3,0,ready to move,apartment,24500000,5.92E+07,-34729936
2528,3,1,under construction,apartment,50500000,4.67E+07,3754872
2070,3,0,ready to move,plot,27000000,2.72E+07,-206034
1105,2,1,under construction,apartment,8851000,2.08E+07,-11974888
1805,3,0,ready to move,apartment,23000000,3.04E+07,-7435562
1224,2,1,under construction,apartment,7832000,2.20E+07,-14134818
2450,3,0,ready to move,apartment,28500000,3.57E+07,-7184304
968,3,1,under construction,apartment,33600000,2.50E+07,8613334
1045,2,0,under construction,plot,3500000,1.79E+07,-14364174
2300,4,0,ready to move,plot,30000000,3.12E+07,-1214912
1020,2,1,under construction,apartment,6230000,2.00E+07,-13780930
2625,4,0,ready to move,apartment,43000000,4.56E+07,-2571780
3000,4,0,ready to move,apartment,17000000,5.44E+07,-37391216
1995,3,0,ready to move,apartment,11600000,3.18E+07,-20211720
2637,4,1,under construction,apartment,18000000,6.18E+07,-43770336
3600,4,1,under construction,apartment,55000000,6.67E+07,-11667968
1860,3,0,ready to move,apartment,44600000,3.08E+07,13766078
1050,2,0,ready to move,floor,10000000,1.41E+07,-4055242
639,1,0,under construction,plot,6100000,8.89E+06,-2793218
745,3,1,under construction,apartment,2626000,2.28E+07,-20195138
6096,5,1,under construction,apartment,113100000,1.18E+08,-4824984
6351,5,0,ready to move,apartment,69200000,1.14E+08,-44833936
2780,3,1,under construction,apartment,37900000,5.10E+07,-13103400
2538,3,1,under construction,apartment,50700000,4.70E+07,3718756
1351,2,0,ready to move,apartment,14900000,2.32E+07,-8294710
900,3,0,under construction,plot,11000000,2.14E+07,-10432992
2350,3,1,under construction,apartment,51200000,4.31E+07,8106512
3000,4,0,ready to move,plot,45000000,3.49E+07,10101360
279,1,0,ready to move,plot,2700000,9.02E+06,-6320270
500,2,0,ready to move,apartment,3000000,1.57E+07,-12722684
1179,0,1,new,plot,10700000,1.72E+07,-6526428
3890,4,0,ready to move,apartment,111000000,6.99E+07,41099480
1500,3,0,ready to move,apartment,18000000,2.82E+07,-10226460
1132,2,0,ready to move,apartment,21800000,2.13E+07,508786
4015,3,0,ready to move,apartment,88300000,7.03E+07,17994112
3363,3,0,ready to move,apartment,50400000,5.84E+07,-8019696
1425,2,0,ready to move,apartment,12000000,2.38E+07,-11827036
1040,2,0,ready to move,apartment,13500000,2.05E+07,-6980614
1951,4,0,ready to move,apartment,39400000,3.44E+07,5016588
1983,3,0,ready to move,apartment,17400000,3.17E+07,-14324804
546,2,0,ready to move,apartment,4595000,1.61E+07,-11533008
2360,3,1,under construction,apartment,37700000,4.33E+07,-5596748
1682,2,1,under construction,apartment,12400000,2.64E+07,-13959080
4518,0,0,resale,plot,77500000,7.42E+07,3298024
6028,0,1,new,plot,36800000,5.06E+07,-13826128
2630,4,0,ready to move,apartment,18000000,4.57E+07,-27700724
2779,3,0,ready to move,apartment,33300000,4.39E+07,-10570972
2272,3,0,ready to move,plot,15500000,2.85E+07,-12974180
3240,4,0,ready to move,floor,35000000,3.89E+07,-3873888
839,3,1,under construction,apartment,3130000,2.37E+07,-20594866
2037,3,1,under construction,apartment,28400000,3.58E+07,-7447300
1300,2,1,under construction,apartment,26000000,2.27E+07,3304524
1067,2,1,under construction,apartment,8600000,2.05E+07,-11861552
3600,0,0,resale,plot,97500000,5.97E+07,37846068
1657,4,1,under construction,apartment,34500000,4.45E+07,-9957504
2821,4,0,ready to move,apartment,80500000,5.05E+07,30047888
1930,3,0,ready to move,apartment,9000000,3.13E+07,-22340928
1060,2,1,under construction,apartment,8200000,2.04E+07,-12194438
1250,3,0,ready to move,apartment,16200000,2.64E+07,-10215724
1955,3,1,under construction,apartment,39100000,3.49E+07,4216888
1091,3,1,under construction,apartment,37800000,2.62E+07,11601380
3200,4,0,ready to move,apartment,33600000,5.88E+07,-25194928
598,2,1,under construction,apartment,2435000,1.61E+07,-13626966
2700,4,0,ready to move,floor,23000000,3.49E+07,-11923272
1559,2,0,ready to move,apartment,14000000,2.50E+07,-10973770
2844,4,0,ready to move,plot,21900000,3.42E+07,-12294680
1359,2,1,under construction,apartment,9666000,2.33E+07,-13595156
3150,4,0,ready to move,apartment,43100000,5.77E+07,-14600176
1100,2,1,under construction,apartment,7590000,2.08E+07,-13187946
1508,2,1,under construction,apartment,15700000,2.47E+07,-8989720
1450,3,0,ready to move,apartment,8300000,2.79E+07,-19564314
2844,4,0,under construction,plot,46500000,3.73E+07,9188608
3577,4,1,under construction,apartment,64300000,6.64E+07,-2079688
8550,5,0,ready to move,villa,86000000,1.28E+08,-42193984
849,2,1,under construction,apartment,6579000,1.84E+07,-11825216
2142,3,0,ready to move,plot,9500000,2.77E+07,-18158044
2050,3,0,ready to move,floor,21900000,2.65E+07,-4558200
2250,3,1,under construction,apartment,17000000,4.08E+07,-23823644
4486,4,0,ready to move,apartment,50500000,7.46E+07,-24131632
2440,4,1,under construction,apartment,43900000,6.07E+07,-16754912
2570,4,1,under construction,apartment,51400000,6.15E+07,-10058828
1138,2,1,under construction,apartment,13700000,2.11E+07,-7442274
2527,3,0,ready to move,apartment,40400000,3.64E+07,3953024
3150,4,0,ready to move,apartment,48800000,5.77E+07,-8900176
6500,5,0,ready to move,villa,120000000,1.13E+08,7132224
900,2,0,ready to move,plot,4000000,1.73E+07,-13278672
2300,3,0,ready to move,floor,24500000,2.84E+07,-3873148
2877,4,0,ready to move,apartment,16700000,5.17E+07,-35039200
838,3,1,under construction,apartment,4700000,2.37E+07,-19015088
1440,2,1,under construction,floor,16500000,1.54E+07,1101846
5618,4,0,ready to move,apartment,182500000,9.40E+07,88450336
3888,3,0,ready to move,apartment,85500000,6.92E+07,16326880
1390,2,0,ready to move,apartment,28000000,2.35E+07,4472030
1224,0,1,new,plot,10800000,1.75E+07,-6675648
1356,3,1,under construction,apartment,28800000,2.88E+07,-40236
1550,2,0,ready to move,apartment,18500000,2.49E+07,-6396464
1500,3,1,under construction,apartment,2600000,3.03E+07,-27675680
1385,2,0,ready to move,apartment,9499000,2.35E+07,-13986248
2350,3,1,under construction,apartment,26400000,4.31E+07,-16693488
4518,4,0,ready to move,floor,32500000,5.74E+07,-24864128
1200,3,0,ready to move,plot,6000000,2.18E+07,-15761802
2071,3,1,under construction,apartment,23200000,3.62E+07,-13046016
1828,3,1,under construction,apartment,26900000,3.36E+07,-6651946
1250,3,1,under construction,floor,7000000,1.87E+07,-11659390
1310,2,1,under construction,apartment,26200000,2.28E+07,3408646
1067,2,1,under construction,apartment,9000000,2.05E+07,-11461552
2060,4,1,under construction,apartment,453200000,5.68E+07,396410552
1518,3,1,under construction,apartment,13800000,3.05E+07,-16655108
2350,3,1,under construction,apartment,51200000,4.31E+07,8106512
3078,4,0,ready to move,floor,35000000,3.79E+07,-2883984
2600,3,0,ready to move,apartment,21000000,3.79E+07,-16932760
1665,3,1,under construction,apartment,33300000,3.19E+07,1379540
1105,2,1,under construction,apartment,6056000,2.08E+07,-14769888
1991,4,1,under construction,apartment,26200000,5.50E+07,-28781456
2510,4,1,under construction,apartment,52700000,6.12E+07,-8479864
3100,4,1,under construction,apartment,51100000,6.39E+07,-12823012
3505,4,1,under construction,apartment,67400000,6.58E+07,1593976
1600,3,1,under construction,apartment,26400000,3.13E+07,-4872516
2200,4,0,ready to move,apartment,20000000,3.65E+07,-16499964
1719,2,0,ready to move,apartment,20600000,2.61E+07,-5528264
2000,3,0,ready to move,apartment,21000000,3.18E+07,-10847936
3050,3,0,under construction,plot,38100000,3.63E+07,1847424
2290,3,0,ready to move,apartment,25500000,3.41E+07,-8599540
2650,4,0,ready to move,apartment,17700000,4.62E+07,-28516528
2700,4,0,ready to move,plot,26900000,3.35E+07,-6593188
1336,3,1,under construction,apartment,35400000,2.86E+07,6759132
2380,3,1,under construction,apartment,43700000,4.37E+07,-3276
1558,4,1,under construction,apartment,25100000,4.15E+07,-16441124
2979,3,0,ready to move,apartment,44600000,4.98E+07,-5241340
1976,3,1,under construction,apartment,39500000,3.51E+07,4363656
1071,112,0,resale,plot,20100000,4.68E+07,-26694160
6000,4,0,ready to move,apartment,90000000,1.05E+08,-15158568
2700,3,0,ready to move,floor,18000000,3.13E+07,-13322038
2072,3,0,ready to move,apartment,57700000,3.24E+07,25330576
1250,3,0,ready to move,floor,9000000,1.98E+07,-10756894
1400,3,0,ready to move,floor,12400000,2.11E+07,-8658190
7300,5,0,ready to move,floor,75000000,1.08E+08,-32525928
3600,4,0,ready to move,floor,45000000,4.14E+07,3560892
2283,5,1,under construction,apartment,37600000,6.33E+07,-25740296
6300,4,0,ready to move,floor,70000000,9.27E+07,-22688656
1224,0,1,new,plot,9520000,1.75E+07,-7955648
3684,4,1,under construction,apartment,157400000,6.77E+07,89727768
1025,3,0,ready to move,apartment,21300000,2.44E+07,-3141596
2779,4,0,ready to move,apartment,21000000,4.95E+07,-28486916
1292,3,0,ready to move,apartment,15700000,2.67E+07,-11019932
1750,3,0,under construction,plot,26200000,2.78E+07,-1619220
2557,3,1,under construction,apartment,54400000,4.74E+07,6988148
1691,3,0,ready to move,apartment,23900000,2.96E+07,-5709868
2470,3,0,ready to move,apartment,45000000,3.59E+07,9117600
1650,3,0,ready to move,plot,22000000,2.46E+07,-2572008
1825,3,1,under construction,apartment,36500000,3.35E+07,2978158
2615,3,0,ready to move,apartment,49400000,3.84E+07,10969616
356,1,0,ready to move,apartment,1449000,1.02E+07,-8776804
1642,3,1,under construction,apartment,19700000,3.17E+07,-11991188
964,2,0,ready to move,apartment,13500000,1.98E+07,-6310982
1765,3,0,ready to move,apartment,13000000,3.01E+07,-17145840
676,2,1,under construction,apartment,2417000,1.68E+07,-14372836
3897,4,0,ready to move,apartment,42700000,7.00E+07,-27271832
1494,0,0,new,plot,20400000,2.13E+07,-948586
3539,99,0,new,plot,20400000,4.93E+07,-28908764
2267,4,0,ready to move,plot,24000000,3.10E+07,-7006078
1889,3,0,ready to move,apartment,20300000,3.10E+07,-10743968
1635,3,0,ready to move,apartment,16300000,2.92E+07,-12904258
2831,4,0,ready to move,apartment,40400000,5.07E+07,-10281912
900,0,0,new,plot,170000,1.63E+07,-16104058
2073,3,0,ready to move,apartment,57700000,3.24E+07,25323336
2390,4,1,under construction,apartment,26800000,6.03E+07,-33474728
3395,4,0,ready to move,apartment,84800000,6.28E+07,22002872
3240,3,0,ready to move,plot,8500000,3.38E+07,-25337420
1500,2,1,under construction,apartment,19900000,2.46E+07,-4713012
810,2,0,ready to move,apartment,4455000,1.85E+07,-13999088
540,0,0,resale,plot,1960000,2.43E+07,-22299854
335,1,0,ready to move,apartment,1340000,1.01E+07,-8710648
5096,4,0,ready to move,apartment,55500000,8.06E+07,-25088776
1300,2,1,under construction,apartment,286000000,2.27E+07,263304524
2950,4,0,ready to move,apartment,39000000,5.34E+07,-14377540
1118,2,1,under construction,apartment,10100000,2.10E+07,-10850524
1308,3,0,ready to move,apartment,36400000,2.68E+07,9564180
2275,5,1,under construction,apartment,37500000,6.33E+07,-25799304
5790,4,0,ready to move,apartment,55500000,9.92E+07,-43675640
903,2,0,ready to move,floor,8056000,1.27E+07,-4685278
2080,3,1,under construction,apartment,41600000,3.64E+07,5248680
1731,4,1,under construction,apartment,68400000,4.68E+07,21605164
3112,3,0,ready to move,apartment,68400000,5.28E+07,15599852
955,2,0,ready to move,apartment,14300000,1.97E+07,-5431674
2491,3,0,ready to move,apartment,38600000,3.61E+07,2509604
4700,4,1,under construction,apartment,68100000,8.72E+07,-19134224
1503,3,1,under construction,apartment,17900000,3.03E+07,-12405582
2071,3,1,under construction,apartment,23200000,3.62E+07,-13046016
4020,4,1,under construction,apartment,55000000,7.19E+07,-16924224
1750,3,0,under construction,plot,24000000,2.78E+07,-3819220
1711,3,1,under construction,apartment,15200000,3.24E+07,-17179008
5211,4,0,ready to move,villa,80500000,9.32E+07,-12724512
2475,3,0,ready to move,plot,11500000,2.97E+07,-18248608
1528,2,1,under construction,apartment,8830000,2.49E+07,-16051600
3625,4,0,ready to move,apartment,45000000,6.66E+07,-21565104
800,2,0,ready to move,apartment,3975000,1.84E+07,-14390980
2600,3,1,under construction,apartment,42900000,4.82E+07,-5257588
6828,5,1,under construction,apartment,126700000,1.33E+08,-6678624
4500,4,0,ready to move,apartment,70000000,7.47E+07,-4714864
5096,4,0,ready to move,apartment,112100000,8.06E+07,31511224
1737,4,1,under construction,apartment,36900000,4.70E+07,-10099548
1250,3,0,ready to move,apartment,16200000,2.64E+07,-10215724
675,2,1,under construction,apartment,2430000,1.68E+07,-14350500
1347,3,1,under construction,apartment,22200000,2.88E+07,-6550520
1274,3,0,ready to move,apartment,17800000,2.66E+07,-8789552
4548,4,0,ready to move,apartment,49000000,7.50E+07,-26000192
2550,4,1,under construction,apartment,28600000,6.14E+07,-32765840
2637,4,1,under construction,apartment,42500000,6.18E+07,-19270336
4347,5,0,ready to move,plot,35000000,5.13E+07,-16285528
2795,3,1,under construction,apartment,51800000,5.12E+07,575080
2055,4,1,under construction,apartment,29300000,5.67E+07,-27382528
1308,3,0,ready to move,apartment,36400000,2.68E+07,9564180
2200,3,1,under construction,apartment,28600000,3.95E+07,-10868208
5000,9,0,ready to move,house,55000000,8.49E+07,-29934784
2300,4,0,ready to move,apartment,40000000,3.75E+07,2470532
1702,4,1,under construction,apartment,28000000,4.58E+07,-17805384
1199,2,0,ready to move,apartment,9592000,2.19E+07,-12289562
3240,4,0,ready to move,plot,45000000,3.60E+07,9028884
4010,3,0,ready to move,apartment,60100000,7.03E+07,-10161296
1711,3,1,under construction,apartment,15200000,3.24E+07,-17179008
1374,3,1,under construction,apartment,28000000,2.90E+07,-1019668
2597,4,1,under construction,apartment,52600000,6.16E+07,-8984364
1120,3,1,under construction,apartment,6794000,2.65E+07,-19693702
3950,4,1,under construction,apartment,70000000,7.10E+07,-979936
4122,4,0,ready to move,villa,80000000,7.43E+07,5744976
1534,2,0,ready to move,apartment,14000000,2.48E+07,-10759052
1566,2,1,under construction,apartment,18700000,2.52E+07,-6546178
4500,4,0,ready to move,plot,35000000,5.22E+07,-17186472
7000,4,0,ready to move,floor,57500000,1.05E+08,-47168272
1300,3,0,ready to move,apartment,7450000,2.68E+07,-19327876
2599,4,0,ready to move,apartment,52400000,4.49E+07,7498768
3000,4,1,under construction,apartment,52000000,6.35E+07,-11458076
3799,3,0,ready to move,apartment,83500000,6.80E+07,15535904
2255,3,0,ready to move,apartment,62800000,3.38E+07,29047128
2129,3,0,ready to move,apartment,43000000,3.28E+07,10217728
2055,4,1,under construction,apartment,41100000,5.67E+07,-15582528
1602,0,0,new,plot,21000000,2.23E+07,-1271220
872,2,0,ready to move,apartment,9003000,1.90E+07,-9997372
1211,3,1,under construction,apartment,5944000,2.74E+07,-21450824
1700,2,0,ready to move,apartment,22000000,2.60E+07,-3991288
3898,3,0,ready to move,apartment,85700000,6.93E+07,16437688
1080,2,1,new,plot,15600000,2.26E+07,-7005076
1425,2,0,ready to move,apartment,7800000,2.38E+07,-16027036
1620,0,0,resale,plot,37500000,3.39E+07,3647008
1845,3,0,ready to move,apartment,21300000,3.07E+07,-9425282
1789,3,0,ready to move,apartment,25000000,3.03E+07,-5319672
3762,4,1,under construction,apartment,41300000,6.86E+07,-27345464
742,3,1,under construction,apartment,2623000,2.28E+07,-20169418
1457,2,1,under construction,apartment,9324000,2.42E+07,-14876744
589,2,1,under construction,apartment,2398000,1.60E+07,-13579982
1389,3,1,under construction,apartment,16600000,2.92E+07,-12569196
1274,3,0,ready to move,apartment,12000000,2.66E+07,-14589552
10000,6,0,ready to move,apartment,95000000,2.28E+08,-132759328
2250,3,1,under construction,apartment,25300000,4.08E+07,-15523644
2054,3,0,ready to move,apartment,45400000,3.22E+07,13160948
1310,2,0,ready to move,apartment,28900000,2.28E+07,6055636
4500,4,0,ready to move,floor,45900000,5.71E+07,-11183992
2430,3,0,ready to move,plot,9000000,2.95E+07,-20466102
900,0,0,new,plot,1700000,1.63E+07,-14574058
1015,3,0,ready to move,apartment,4255000,2.44E+07,-20098652
2072,3,1,under construction,apartment,27500000,3.63E+07,-8757744
1955,3,1,under construction,apartment,39100000,3.49E+07,4216888
5100,4,0,ready to move,apartment,112200000,8.06E+07,31552296
2430,3,1,under construction,floor,55000000,2.78E+07,27193502
2800,4,0,ready to move,plot,17000000,3.40E+07,-16980336
1310,2,1,under construction,apartment,22200000,2.28E+07,-591354
1565,2,0,ready to move,apartment,9500000,2.50E+07,-15525296
1605,3,1,under construction,apartment,32100000,3.13E+07,777644
1108,3,0,ready to move,apartment,23000000,2.52E+07,-2171512
1600,3,0,ready to move,apartment,27200000,2.90E+07,-1750748
2892,3,1,under construction,apartment,123500000,5.27E+07,70842600
5223,4,1,under construction,apartment,96900000,9.95E+07,-2563008
2644,3,0,ready to move,apartment,92500000,3.94E+07,53107564
6805,6,0,ready to move,apartment,128700000,1.20E+08,8519808
539,2,1,under construction,apartment,2196000,1.55E+07,-13315390
2289,3,0,ready to move,apartment,25400000,3.41E+07,-8689636
3967,3,0,ready to move,apartment,87200000,6.99E+07,17322248
3732,3,0,ready to move,apartment,82100000,6.68E+07,15306044
1350,2,0,ready to move,apartment,29800000,2.32E+07,6613838
1044,2,0,ready to move,apartment,21000000,2.05E+07,484150
1352,3,1,under construction,apartment,22300000,2.88E+07,-6500364
2802,3,0,ready to move,apartment,48000000,4.46E+07,3366020
810,2,0,ready to move,apartment,3275000,1.85E+07,-15179088
3802,5,1,under construction,apartment,62700000,7.72E+07,-14474512
1850,3,0,ready to move,apartment,32900000,3.08E+07,2138508
2072,3,1,under construction,apartment,35500000,3.63E+07,-757744
2800,4,1,under construction,apartment,36400000,6.25E+07,-26128196
1799,3,0,ready to move,apartment,15600000,3.04E+07,-14792102
5210,4,0,ready to move,apartment,114600000,8.28E+07,31770144
5900,5,0,ready to move,apartment,129800000,1.02E+08,27647168
1300,3,0,ready to move,plot,7500000,2.24E+07,-14886302
1560,2,0,ready to move,floor,14000000,1.85E+07,-4536704
3240,3,0,ready to move,plot,8500000,3.38E+07,-25337420
900,0,0,new,plot,2500000,1.63E+07,-13774058
1521,0,1,new,plot,24200000,1.91E+07,5079468
1811,3,0,ready to move,apartment,17500000,3.05E+07,-12979016
1685,3,0,ready to move,apartment,16900000,2.96E+07,-12666408
2150,3,0,ready to move,apartment,16000000,3.29E+07,-16934372
541,2,1,under construction,apartment,2163000,1.55E+07,-13367052
1158,2,0,ready to move,apartment,9843000,2.15E+07,-11677312
1953,3,0,ready to move,apartment,16500000,3.15E+07,-15007520
2072,3,0,ready to move,apartment,40000000,3.24E+07,7630576
240,1,0,ready to move,apartment,2000000,9.26E+06,-7258310
2200,3,1,under construction,apartment,28600000,3.95E+07,-10868208
1500,3,0,ready to move,apartment,21000000,2.82E+07,-7226460
5219,4,0,ready to move,apartment,78200000,8.31E+07,-4865280
645,3,1,under construction,apartment,2627000,2.19E+07,-19236994
2620,4,1,under construction,apartment,51300000,6.17E+07,-10391296
1900,3,0,ready to move,apartment,18000000,3.11E+07,-13123634
1751,3,1,under construction,apartment,8500000,3.28E+07,-24279108
2300,3,0,ready to move,apartment,54100000,3.42E+07,19901408
1381,2,0,ready to move,apartment,27500000,2.35E+07,4048936
4800,6,0,ready to move,plot,54000000,5.63E+07,-2305316
4518,4,0,ready to move,floor,37500000,5.74E+07,-19864128
3000,4,0,ready to move,apartment,26500000,5.44E+07,-27891216
1450,3,0,ready to move,apartment,8000000,2.79E+07,-19864314
3114,3,0,ready to move,apartment,68500000,5.28E+07,15659308
2500,4,0,ready to move,floor,27500000,3.33E+07,-5819508
810,0,0,new,plot,8100000,1.55E+07,-7405198
2528,3,1,under construction,apartment,43700000,4.67E+07,-3045128
2433,3,0,ready to move,apartment,40100000,3.55E+07,4584080
450,0,0,new,plot,1750000,1.24E+07,-10679722
2350,3,1,under construction,apartment,26400000,4.31E+07,-16693488
3890,4,1,under construction,apartment,72100000,7.02E+07,1859240
3500,4,0,ready to move,apartment,39900000,6.47E+07,-24817064
1914,3,0,ready to move,apartment,15300000,3.12E+07,-15925034
1440,2,0,ready to move,apartment,6500000,2.40E+07,-17455216
1305,3,1,under construction,apartment,21500000,2.83E+07,-6831848
613,2,1,under construction,apartment,2492000,1.62E+07,-13709934
2054,3,1,under construction,apartment,30700000,3.60E+07,-5346660
1950,3,0,ready to move,plot,30000000,2.65E+07,3547320
3112,3,0,ready to move,apartment,46600000,5.28E+07,-6200148
1425,2,0,ready to move,apartment,12000000,2.38E+07,-11827036
1342,2,0,ready to move,plot,6715000,2.05E+07,-13775236
1615,2,1,under construction,apartment,32300000,2.57E+07,6583718
3510,3,0,ready to move,apartment,52600000,6.20E+07,-9435116
1900,3,0,ready to move,apartment,39500000,3.11E+07,8376368
1046,2,0,ready to move,apartment,12700000,2.05E+07,-7833480
1611,2,0,new,plot,24200000,3.00E+07,-5829608
4518,4,0,ready to move,plot,59500000,5.24E+07,7126580
2282,3,1,under construction,apartment,41000000,4.17E+07,-691132
1390,2,0,ready to move,apartment,28000000,2.35E+07,4472040
2700,4,0,ready to move,apartment,50000000,4.75E+07,2493960
2400,3,0,ready to move,apartment,39000000,3.52E+07,3810936
1611,3,1,under construction,floor,21500000,2.19E+07,-430568
4096,4,0,ready to move,apartment,90100000,7.19E+07,18199896
650,2,0,ready to move,plot,3800000,1.54E+07,-11616186
2000,3,0,ready to move,floor,16000000,2.60E+07,-10042816
1055,2,1,under construction,apartment,12600000,2.03E+07,-7746492
4150,4,0,ready to move,apartment,23200000,7.23E+07,-49138040
1080,0,0,new,plot,12000000,1.78E+07,-5811802
2147,3,1,under construction,apartment,57000000,3.80E+07,18968568
1800,3,0,ready to move,plot,14000000,2.55E+07,-11510980
4500,4,1,under construction,floor,71000000,5.92E+07,11845560
1828,3,0,ready to move,apartment,40400000,3.06E+07,9797856
2085,3,1,under construction,apartment,20200000,3.64E+07,-16207120
1503,3,1,under construction,floor,21000000,2.10E+07,48066
2644,3,0,ready to move,apartment,80000000,3.94E+07,40607564
1902,3,1,under construction,apartment,28000000,3.43E+07,-6294680
2250,0,0,new,plot,32300000,2.78E+07,4492936
6521,4,0,ready to move,floor,154600000,9.66E+07,58008544
1519,3,0,ready to move,apartment,19000000,2.84E+07,-9364074
1976,3,1,under construction,apartment,34100000,3.51E+07,-1036344
3800,3,0,ready to move,apartment,67300000,6.80E+07,-681560
3600,4,0,ready to move,floor,40000000,4.14E+07,-1439108
1700,3,1,under construction,apartment,34000000,3.23E+07,1730642
2004,3,0,ready to move,apartment,35600000,3.19E+07,3723086
578,2,1,under construction,apartment,2363000,1.59E+07,-13512332
4844,0,0,new,plot,216000000,6.38E+07,152160876
2250,3,1,under construction,apartment,39300000,4.08E+07,-1523644
900,0,0,new,plot,1600000,1.63E+07,-14674058
1528,3,1,under construction,apartment,13900000,3.06E+07,-16654800
3100,4,0,ready to move,plot,105000000,3.53E+07,69695168
1830,3,0,ready to move,plot,21500000,2.57E+07,-4199332
1099,2,1,under construction,apartment,12500000,2.08E+07,-8268358
4500,0,0,new,plot,61300000,5.85E+07,2824016
2503,3,1,under construction,apartment,50000000,4.62E+07,3796572
7000,5,0,ready to move,villa,90000000,1.18E+08,-27794352
1100,3,0,ready to move,plot,4500000,2.12E+07,-16661368
2668,3,0,ready to move,apartment,44000000,4.02E+07,3811384
1423,3,1,under construction,apartment,10200000,2.95E+07,-19308116
5977,4,0,ready to move,apartment,101600000,1.05E+08,-2903280
1138,2,1,under construction,apartment,13600000,2.11E+07,-7542274
1534,3,0,ready to move,apartment,56000000,2.85E+07,27527280
2690,3,0,ready to move,apartment,57000000,4.09E+07,16081540
2865,4,0,ready to move,floor,35000000,3.62E+07,-1215648
2411,3,0,ready to move,apartment,38500000,3.53E+07,3201976
2965,4,0,ready to move,apartment,46000000,5.37E+07,-7681648
2376,3,1,under construction,apartment,38000000,4.36E+07,-5621972
4128,4,1,under construction,apartment,68100000,7.36E+07,-5466720
2200,3,0,ready to move,plot,25000000,2.80E+07,-3022166
910,2,1,under construction,apartment,2370000,1.90E+07,-16603456
2766,3,1,under construction,apartment,45600000,5.08E+07,-5196644
1720,3,0,ready to move,apartment,9116000,2.98E+07,-20703908
1243,2,0,ready to move,apartment,7953000,2.23E+07,-14316236
1990,3,0,ready to move,apartment,14900000,3.18E+07,-16875508
2298,4,1,under construction,apartment,45900000,5.96E+07,-13675208
2050,3,0,ready to move,apartment,15200000,3.22E+07,-17010086
2606,4,0,ready to move,apartment,21800000,4.51E+07,-23281760
2150,3,0,ready to move,apartment,24100000,3.29E+07,-8834372
2037,3,1,under construction,apartment,28400000,3.58E+07,-7447300
3230,4,1,under construction,apartment,72600000,6.45E+07,8072564
2475,4,0,ready to move,plot,26500000,3.23E+07,-5822400
1365,2,0,ready to move,apartment,12600000,2.33E+07,-10714336
1691,3,0,ready to move,apartment,23900000,2.96E+07,-5709868
696,2,1,under construction,apartment,2482000,1.70E+07,-14494464
1488,4,1,under construction,apartment,16300000,3.95E+07,-23179036
5492,4,0,ready to move,apartment,59800000,8.99E+07,-30058992
1250,2,1,under construction,apartment,18700000,2.22E+07,-3516096
968,3,1,under construction,apartment,33600000,2.50E+07,8613334
3100,4,1,under construction,apartment,39900000,6.39E+07,-24023012
1213,2,1,under construction,apartment,14500000,2.19E+07,-7361350
4518,4,0,ready to move,floor,47900000,5.74E+07,-9464128
955,2,0,ready to move,apartment,8175000,1.97E+07,-11556674
2129,3,0,ready to move,apartment,43000000,3.28E+07,10217728
1524,2,0,ready to move,apartment,24400000,2.47E+07,-273178
1359,3,1,under construction,apartment,9264000,2.89E+07,-19606140
1889,3,0,ready to move,apartment,20300000,3.10E+07,-10743968
4518,3,0,resale,plot,65600000,7.96E+07,-14046368
2460,3,1,under construction,apartment,52400000,4.53E+07,7070608
6565,5,0,ready to move,apartment,62100000,1.21E+08,-59300440
3051,3,1,under construction,apartment,43300000,5.48E+07,-11514488
1950,4,0,ready to move,apartment,23800000,3.44E+07,-10575468
2484,3,0,ready to move,apartment,14000000,3.60E+07,-22021064
3771,3,0,ready to move,apartment,45000000,6.75E+07,-22475072
1930,3,0,ready to move,apartment,22000000,3.13E+07,-9340928
2352,4,0,ready to move,apartment,19600000,3.85E+07,-18923264
1731,4,1,under construction,apartment,68400000,4.68E+07,21605160
3950,4,0,ready to move,apartment,79000000,7.05E+07,8488248
2129,3,1,under construction,apartment,27500000,3.75E+07,-10043480
945,0,0,new,plot,7874000,1.67E+07,-8784500
1550,2,0,ready to move,apartment,19500000,2.49E+07,-5396464
1700,3,0,ready to move,apartment,27500000,2.97E+07,-2175056
3192,4,0,ready to move,apartment,54200000,5.86E+07,-4419768
1650,3,0,ready to move,apartment,15300000,2.93E+07,-14012908
3600,4,0,ready to move,floor,40000000,4.14E+07,-1439108
3918,3,0,ready to move,apartment,86100000,6.94E+07,16659296
1371,4,1,under construction,apartment,45800000,3.68E+07,9036896
2300,4,0,under construction,floor,41500000,3.25E+07,8974394
1217,2,1,under construction,apartment,7787000,2.19E+07,-14112704
2305,4,1,under construction,apartment,46100000,5.96E+07,-13528436
1990,3,0,ready to move,apartment,30800000,3.18E+07,-975508
700,0,0,resale,plot,122500000,2.58E+07,96739204
1999,2,0,ready to move,apartment,31900000,2.81E+07,3753144
4096,4,0,ready to move,apartment,61400000,7.19E+07,-10500104
2200,4,0,ready to move,apartment,20000000,3.65E+07,-16499964
208,0,0,new,plot,50000000,1.04E+07,39637676
1518,3,1,under construction,apartment,18200000,3.05E+07,-12255108
5815,5,0,ready to move,villa,129200000,1.05E+08,23854952
3500,4,1,under construction,apartment,57700000,6.58E+07,-8082772
2031,4,0,ready to move,apartment,30100000,3.50E+07,-4918348
1350,2,0,ready to move,apartment,24000000,2.32E+07,813838
2010,3,0,ready to move,plot,23800000,2.68E+07,-3029358
1516,2,0,ready to move,apartment,21500000,2.46E+07,-3104632
10019,5,0,ready to move,apartment,220400000,2.58E+08,-37842144
6221,5,0,ready to move,apartment,217600000,1.11E+08,106961504
2510,4,1,under construction,apartment,50200000,6.12E+07,-10979864
3505,3,0,ready to move,apartment,77100000,6.19E+07,15201488
1620,0,0,new,plot,31400000,2.24E+07,8974996
1642,3,1,under construction,apartment,24900000,3.17E+07,-6791188
1305,3,1,under construction,apartment,19100000,2.83E+07,-9231848
2700,4,0,ready to move,plot,16500000,3.35E+07,-16993188
4000,4,0,ready to move,villa,90000000,7.23E+07,17699800
1950,3,0,ready to move,apartment,24000000,3.15E+07,-7485792
2705,4,0,ready to move,apartment,47000000,4.76E+07,-634996
2200,3,0,ready to move,plot,40000000,2.80E+07,11977834
3200,4,0,ready to move,plot,43000000,3.57E+07,7253748
2255,3,0,ready to move,plot,7400000,2.84E+07,-20967452
4600,4,0,ready to move,apartment,57000000,7.53E+07,-18309296
2215,4,0,ready to move,apartment,22500000,3.67E+07,-14154388
2833,3,0,ready to move,apartment,19700000,4.57E+07,-25962388
1832,3,0,ready to move,apartment,25900000,3.06E+07,-4731122
2141,6,1,new,plot,30400000,3.61E+07,-5660096
915,2,1,under construction,apartment,6266000,1.90E+07,-12754114
2376,3,1,under construction,apartment,38000000,4.36E+07,-5621972
1789,3,0,ready to move,apartment,21500000,3.03E+07,-8819666
1154,2,1,under construction,apartment,5676000,2.13E+07,-15619680
9000,5,0,ready to move,apartment,98100000,2.15E+08,-117236768
3160,4,0,ready to move,apartment,40500000,5.79E+07,-17419128
3600,0,0,new,plot,20900000,4.14E+07,-20459996
583,2,0,ready to move,apartment,1982000,1.65E+07,-14472002
1902,3,1,under construction,apartment,28000000,3.43E+07,-6294680
2078,3,1,under construction,apartment,15000000,3.63E+07,-21328104
1512,0,0,new,plot,19800000,2.15E+07,-1702352
1765,3,0,ready to move,apartment,11000000,3.01E+07,-19145840
2360,3,1,under construction,apartment,37700000,4.33E+07,-5596748
1664,4,1,under construction,apartment,45000000,4.47E+07,336288
1440,3,1,under construction,apartment,10900000,2.97E+07,-18777576
1359,2,1,under construction,apartment,9490000,2.33E+07,-13771156
7452,5,1,under construction,apartment,138300000,1.48E+08,-9399984
3240,4,0,ready to move,floor,27000000,3.89E+07,-11873888
2606,3,0,ready to move,apartment,41600000,3.81E+07,3468188
1353,3,0,ready to move,apartment,37600000,2.72E+07,10438252
1323,0,0,new,plot,9554000,1.99E+07,-10333738
592,2,0,ready to move,apartment,2368000,1.65E+07,-14165310
3310,3,0,ready to move,apartment,60500000,5.73E+07,3240928
1385,2,0,ready to move,apartment,12400000,2.35E+07,-11085248
1810,3,0,ready to move,apartment,23900000,3.05E+07,-6571776
2250,3,0,ready to move,floor,22000000,2.80E+07,-6004536
601,2,1,under construction,apartment,2405000,1.61E+07,-13684954
1375,2,1,under construction,apartment,21300000,2.34E+07,-2114554
1235,3,1,under construction,apartment,11700000,2.76E+07,-15934064
4518,99,0,new,plot,26100000,4.96E+07,-23485072
1405,3,1,under construction,apartment,25200000,2.93E+07,-4128680
2557,3,1,under construction,apartment,67900000,4.74E+07,20488148
1269,2,1,under construction,apartment,6700000,2.24E+07,-15698262
2250,4,1,under construction,apartment,40000000,5.92E+07,-19168488
930,3,1,under construction,apartment,4800000,2.46E+07,-19814978
2597,4,1,under construction,apartment,52600000,6.16E+07,-8984364
917,2,1,under construction,apartment,10600000,1.90E+07,-8438778
1930,3,0,ready to move,apartment,22100000,3.13E+07,-9240928
532,2,0,ready to move,apartment,3650000,1.60E+07,-12354648
5970,4,0,ready to move,apartment,101400000,1.04E+08,-2903856
1080,0,1,resale,plot,8500000,2.06E+07,-12132210
1444,2,1,under construction,apartment,9862000,2.41E+07,-14214110
1665,3,1,under construction,apartment,366300000,3.19E+07,334379540
450,0,0,new,plot,1000000,1.24E+07,-11429722
810,2,0,ready to move,apartment,4850000,1.85E+07,-13604088
2300,3,0,ready to move,floor,14000000,2.84E+07,-14373148
1646,3,1,under construction,apartment,70300000,3.17E+07,38568942
5082,4,1,under construction,apartment,94300000,9.62E+07,-1932904
1638,3,1,under construction,apartment,69900000,3.17E+07,38248688
1100,2,0,ready to move,apartment,2500000,2.10E+07,-18509268
390,1,1,under construction,apartment,1409000,9.08E+06,-7675164
2450,3,0,ready to move,apartment,56300000,3.57E+07,20615696
1700,3,1,under construction,apartment,34000000,3.23E+07,1730642
1657,4,0,ready to move,apartment,34400000,3.25E+07,1859790
2255,3,1,under construction,apartment,35200000,4.10E+07,-5759188
5090,5,0,ready to move,apartment,45000000,8.19E+07,-36859616
5163,4,0,ready to move,apartment,113500000,8.16E+07,31899584
3470,3,0,ready to move,apartment,32500000,6.09E+07,-28442224
2047,3,0,ready to move,apartment,35800000,3.22E+07,3611650
2407,4,0,ready to move,apartment,33600000,3.99E+07,-6349512
2650,3,0,ready to move,apartment,24500000,3.96E+07,-15091484
1485,0,1,new,plot,13200000,1.89E+07,-5721152
6353,4,1,under construction,apartment,127000000,1.28E+08,-684480
2282,3,1,under construction,apartment,41000000,4.17E+07,-691132
2875,4,0,ready to move,apartment,35000000,5.17E+07,-16693232
4250,4,0,ready to move,apartment,37000000,7.30E+07,-36020656
4503,5,1,under construction,apartment,90000000,9.03E+07,-271976
2072,3,1,under construction,apartment,20000000,3.63E+07,-16257744
1156,3,0,ready to move,apartment,11200000,2.56E+07,-14393624
3190,4,0,ready to move,apartment,49400000,5.86E+07,-9175976
2438,3,0,ready to move,apartment,39000000,3.56E+07,3434552
1000,1,0,ready to move,apartment,17200000,1.56E+07,1597248
1836,3,0,ready to move,plot,20000000,2.57E+07,-5736992
1100,3,0,ready to move,floor,3900000,1.84E+07,-14526182
763,2,0,ready to move,apartment,2800000,1.80E+07,-15239978
1388,3,1,under construction,apartment,36800000,2.92E+07,7640784
1965,3,1,under construction,apartment,11800000,3.50E+07,-23207708
2080,3,1,under construction,apartment,25000000,3.64E+07,-11351324
2016,4,1,under construction,apartment,42900000,5.57E+07,-12756020
1002,3,1,under construction,apartment,34700000,2.53E+07,9380760
4518,4,0,ready to move,floor,42500000,5.74E+07,-14864128
1274,3,0,ready to move,apartment,12000000,2.66E+07,-14589552
4050,0,0,new,plot,58400000,5.00E+07,8401176
3865,4,0,ready to move,apartment,67600000,6.96E+07,-2045840
1476,4,1,under construction,apartment,28900000,3.91E+07,-10225544
2150,3,0,ready to move,apartment,16000000,3.29E+07,-16934372
1099,2,1,under construction,apartment,13000000,2.08E+07,-7768358
750,2,0,ready to move,plot,2300000,1.62E+07,-13861184
1381,2,1,under construction,apartment,13600000,2.35E+07,-9872082
2445,3,1,under construction,apartment,39100000,4.50E+07,-5924496
2420,3,0,ready to move,apartment,68900000,3.54E+07,33512840
1730,3,0,ready to move,apartment,14900000,2.99E+07,-14992336
2000,3,0,ready to move,plot,25000000,2.68E+07,-1766568
1346,2,0,ready to move,apartment,25900000,2.32E+07,2748016
1350,3,0,ready to move,apartment,7425000,2.71E+07,-19715020
1615,2,1,under construction,apartment,32300000,2.57E+07,6583718
3060,0,0,new,plot,15700000,3.47E+07,-18980104
1967,3,1,under construction,apartment,39300000,3.50E+07,4267476
2000,3,0,ready to move,apartment,10500000,3.18E+07,-21347936
6325,5,0,ready to move,house,56800000,9.94E+07,-42602048
1575,4,0,ready to move,plot,11800000,2.66E+07,-14826792
6828,5,1,under construction,apartment,126700000,1.33E+08,-6678624
1730,3,1,under construction,apartment,14000000,3.26E+07,-18568406
2433,3,0,ready to move,apartment,41800000,3.55E+07,6284080
935,0,0,resale,plot,5500000,2.79E+07,-22361640
2975,3,0,ready to move,apartment,46000000,4.97E+07,-3738176
2093,3,0,ready to move,apartment,32400000,3.25E+07,-121534
2300,3,0,ready to move,floor,20000000,2.84E+07,-8373148
2380,3,1,under construction,apartment,25500000,4.37E+07,-18203276
1465,2,0,ready to move,apartment,12600000,2.42E+07,-11568842
4902,4,0,ready to move,apartment,107800000,7.80E+07,29796496
5562,4,0,ready to move,floor,111900000,7.86E+07,33322416
6335,4,0,ready to move,apartment,95000000,1.17E+08,-22312304
1950,3,0,ready to move,floor,25000000,2.56E+07,-627434
3060,4,0,ready to move,apartment,36300000,5.56E+07,-19320172
1950,3,0,ready to move,apartment,18000000,3.15E+07,-13485792
1976,3,1,under construction,apartment,39500000,3.51E+07,4363656
1350,3,0,ready to move,apartment,14000000,2.71E+07,-13140020
13500,4,0,ready to move,apartment,266300000,3.52E+08,-85205152
8000,10,0,ready to move,plot,55000000,9.04E+07,-35363168
720,0,0,new,plot,785000,1.47E+07,-13951326
3006,0,0,new,plot,43200000,3.42E+07,8973544
2250,3,0,ready to move,plot,10000000,2.83E+07,-18336068
1902,3,1,under construction,apartment,28000000,3.43E+07,-6294676
1932,3,0,ready to move,apartment,34300000,3.14E+07,2944586
3577,4,1,under construction,apartment,64300000,6.64E+07,-2079688
1200,3,0,ready to move,plot,4800000,2.18E+07,-16961802
1845,3,1,under construction,apartment,25700000,3.37E+07,-8022576
3117,4,0,ready to move,villa,56000000,6.22E+07,-6204896
3000,4,0,ready to move,floor,18000000,3.73E+07,-19273044
4850,4,0,ready to move,apartment,69300000,7.74E+07,-8149968
2650,3,0,ready to move,apartment,26500000,3.96E+07,-13091476
3100,4,1,under construction,apartment,51100000,6.39E+07,-12823012
4848,4,0,ready to move,apartment,56000000,7.74E+07,-21428680
1850,3,0,ready to move,plot,11500000,2.58E+07,-14324868
1103,2,1,under construction,apartment,9304000,2.08E+07,-11502702
900,2,0,ready to move,plot,3500000,1.73E+07,-13778672
3470,4,0,ready to move,apartment,44000000,6.43E+07,-20257040
6838,4,0,ready to move,apartment,134800000,1.43E+08,-7940192
1518,3,1,under construction,apartment,18400000,3.05E+07,-12055108
3850,3,0,ready to move,apartment,57700000,6.88E+07,-11092336
1955,3,1,under construction,apartment,39100000,3.49E+07,4216888
1111,3,0,ready to move,apartment,30900000,2.52E+07,5702104
2200,3,1,under construction,apartment,28600000,3.95E+07,-10868208
3192,4,0,ready to move,apartment,22500000,5.86E+07,-36119768
2464,3,0,ready to move,apartment,73700000,3.58E+07,37877032
3100,4,1,under construction,apartment,39900000,6.39E+07,-24023012
1518,3,1,under construction,apartment,18200000,3.05E+07,-12255108
2380,3,1,under construction,apartment,42800000,4.37E+07,-903276
1215,0,0,new,plot,1890000,1.90E+07,-17075098
669,2,1,under construction,apartment,2676000,1.67E+07,-14048514
3747,3,0,ready to move,apartment,86100000,6.71E+07,19044072
1450,2,0,ready to move,apartment,11600000,2.40E+07,-12440666
9000,5,0,ready to move,apartment,100000000,2.15E+08,-115336768
2700,4,0,ready to move,floor,31000000,3.49E+07,-3923272
2700,3,0,ready to move,plot,15000000,3.12E+07,-16161148
1430,0,1,new,plot,13000000,1.86E+07,-5616550
2520,3,1,under construction,apartment,51300000,4.66E+07,4743760
2122,3,0,ready to move,apartment,17000000,3.27E+07,-15731576
2185,3,0,ready to move,apartment,41300000,3.32E+07,8112112
2400,3,0,ready to move,apartment,38500000,3.52E+07,3310936
2379,0,0,new,plot,25600000,2.89E+07,-3309112
1775,3,0,ready to move,apartment,13000000,3.02E+07,-17218276
675,0,0,new,plot,699000,1.44E+07,-13652890
915,2,0,ready to move,apartment,12000000,1.94E+07,-7379240
2440,3,0,ready to move,apartment,39000000,3.56E+07,3414748
4200,4,0,ready to move,apartment,32100000,7.27E+07,-40579352
2160,0,0,new,plot,24800000,2.70E+07,-2238200
2720,4,0,ready to move,apartment,56500000,4.80E+07,8478152
2300,3,1,under construction,apartment,35900000,4.21E+07,-6177164
1800,3,0,ready to move,floor,19300000,2.44E+07,-5081284
800,2,0,ready to move,apartment,6700000,1.84E+07,-11665980
1430,0,1,new,plot,13000000,1.86E+07,-5616550
1245,2,0,ready to move,apartment,12700000,2.23E+07,-9586850
1500,3,0,ready to move,apartment,21000000,2.82E+07,-7226460
1250,2,0,ready to move,apartment,27000000,2.23E+07,4669084
5700,5,0,ready to move,apartment,71000000,9.65E+07,-25455344
2100,4,1,under construction,apartment,42000000,5.75E+07,-15475976
1575,0,1,new,plot,13700000,1.94E+07,-5719600
1998,4,0,ready to move,apartment,28300000,3.48E+07,-6456428
3322,3,0,ready to move,apartment,53100000,5.75E+07,-4421856
2740,4,0,ready to move,apartment,38400000,4.85E+07,-10137648
4808,4,0,ready to move,apartment,74500000,7.70E+07,-2502880
2800,4,1,under construction,apartment,56000000,6.25E+07,-6528196
1002,3,1,under construction,apartment,34700000,2.53E+07,9380760
3154,4,0,ready to move,apartment,50800000,5.78E+07,-6987760
1566,0,0,new,plot,11300000,2.20E+07,-10663672
1557,3,1,under construction,apartment,18800000,3.08E+07,-12043876
2398,3,0,ready to move,apartment,41900000,3.52E+07,6730744
2700,0,0,new,plot,42000000,3.17E+07,10348602
1875,3,0,ready to move,apartment,20000000,3.09E+07,-10942564
1602,0,1,new,plot,16900000,1.96E+07,-2669142
1274,3,1,under construction,apartment,24600000,2.80E+07,-3422832
2000,4,0,ready to move,plot,17000000,2.93E+07,-12316378
1976,3,1,under construction,apartment,39500000,3.51E+07,4363656
3800,3,0,ready to move,apartment,19500000,6.80E+07,-48481560
2107,3,1,under construction,apartment,34700000,3.69E+07,-2247088
2650,4,0,ready to move,apartment,15700000,4.62E+07,-30516528
1200,3,0,ready to move,plot,6000000,2.18E+07,-15761802
2719,4,0,ready to move,plot,37500000,3.36E+07,3914252
1895,3,1,under construction,apartment,37900000,3.42E+07,3675576
1630,3,1,under construction,apartment,22000000,3.16E+07,-9571564
4613,4,0,ready to move,apartment,101400000,7.54E+07,26013424
744,2,1,under construction,apartment,2976000,1.74E+07,-14448394
1990,4,1,under construction,apartment,42300000,5.50E+07,-12654476
1400,2,0,ready to move,apartment,17500000,2.36E+07,-6113422
3240,4,0,ready to move,plot,27000000,3.60E+07,-8971116
1050,2,0,ready to move,apartment,14000000,2.06E+07,-6568726
2398,3,0,ready to move,apartment,38300000,3.52E+07,3130740
1089,0,0,new,plot,14200000,1.79E+07,-3688680
3843,3,0,ready to move,apartment,57600000,6.87E+07,-11099544
1534,2,0,ready to move,apartment,12500000,2.48E+07,-12259052
1336,3,1,under construction,apartment,28400000,2.86E+07,-240868
1951,4,0,ready to move,apartment,23800000,3.44E+07,-10583412
2843,0,1,new,plot,23300000,2.62E+07,-2907830
2071,3,1,under construction,apartment,23200000,3.62E+07,-13046016
2400,3,0,ready to move,floor,25000000,2.91E+07,-4110364
1852,3,1,under construction,apartment,18000000,3.38E+07,-15792832
800,2,0,ready to move,apartment,3300000,1.84E+07,-15065980
6000,4,1,under construction,apartment,150000000,1.20E+08,30450208
1520,3,0,ready to move,apartment,13000000,2.84E+07,-15371326
1611,3,1,under construction,floor,21500000,2.19E+07,-430568
2317,4,1,under construction,apartment,23600000,5.97E+07,-36119680
1528,3,1,under construction,apartment,24200000,3.06E+07,-6354800
2955,4,1,under construction,apartment,32500000,6.32E+07,-30748848
2149,3,0,ready to move,apartment,26500000,3.29E+07,-6427140
1067,2,1,under construction,apartment,9000000,2.05E+07,-11461552
2420,3,0,ready to move,apartment,27800000,3.54E+07,-7587160
1528,3,1,under construction,apartment,18300000,3.06E+07,-12254800
1345,2,0,ready to move,apartment,10100000,2.31E+07,-13043448
1836,3,0,ready to move,floor,19500000,2.47E+07,-5180360
2460,3,1,under construction,apartment,52400000,4.53E+07,7070608
1342,2,0,ready to move,plot,6715000,2.05E+07,-13775236
1292,3,0,ready to move,apartment,15700000,2.67E+07,-11019932
2882,4,0,ready to move,apartment,61900000,5.19E+07,10045856
824,2,0,ready to move,apartment,15300000,1.86E+07,-3277444
8521,5,0,ready to move,villa,174100000,1.28E+08,46217288
3240,4,0,ready to move,plot,36000000,3.60E+07,28884
250,1,0,ready to move,apartment,1100000,9.34E+06,-8241716
1750,2,1,under construction,apartment,35000000,2.70E+07,7992922
1975,4,0,ready to move,apartment,21200000,3.46E+07,-13373884
1750,3,0,ready to move,apartment,9500000,3.00E+07,-20537200
2250,3,0,ready to move,plot,35000000,2.83E+07,6663932
1800,3,0,ready to move,plot,13700000,2.55E+07,-11810980
1099,2,1,under construction,apartment,7486000,2.08E+07,-13282358
2586,4,1,under construction,apartment,84600000,6.15E+07,23066780
2600,4,0,ready to move,plot,21500000,3.30E+07,-11506046
2528,3,1,under construction,apartment,50500000,4.67E+07,3754872
2550,4,1,under construction,apartment,28600000,6.14E+07,-32765840
629,2,1,under construction,apartment,8700000,1.64E+07,-7651244
2560,3,0,ready to move,apartment,48400000,3.68E+07,11568856
5210,4,0,ready to move,apartment,114600000,8.28E+07,31770144
2072,3,0,ready to move,apartment,40000000,3.24E+07,7630578
4050,0,0,new,plot,91200000,5.00E+07,41201176
1946,3,1,under construction,apartment,38900000,3.48E+07,4129028
2085,4,0,ready to move,apartment,18500000,3.54E+07,-16946936
8397,5,0,ready to move,villa,141700000,1.27E+08,15188848
1597,3,0,ready to move,plot,10000000,2.42E+07,-14241028
1750,3,0,ready to move,plot,8000000,2.52E+07,-17197080
4140,4,1,under construction,apartment,66800000,7.37E+07,-6940816
3025,3,0,ready to move,apartment,59900000,5.10E+07,8889808
2438,3,0,ready to move,apartment,39000000,3.56E+07,3434552
2295,3,0,ready to move,apartment,47000000,3.41E+07,12850940
2727,4,0,ready to move,apartment,31000000,4.82E+07,-17202376
2300,3,0,ready to move,apartment,41500000,3.42E+07,7301408
2045,3,0,ready to move,apartment,32700000,3.22E+07,526128
1020,2,1,under construction,apartment,5625000,2.00E+07,-14385930
1383,3,1,under construction,apartment,31000000,2.91E+07,1890618
2800,4,1,under construction,apartment,36400000,6.25E+07,-26128196
1665,3,1,under construction,apartment,33300000,3.19E+07,1379540
1370,3,0,ready to move,apartment,27600000,2.73E+07,315124
4500,0,0,resale,plot,35000000,7.40E+07,-39003024
996,3,1,under construction,apartment,11900000,2.53E+07,-13360548
1638,3,1,under construction,apartment,69900000,3.17E+07,38248688
1464,4,1,under construction,apartment,44100000,3.88E+07,5327960
1898,3,1,under construction,apartment,12200000,3.43E+07,-22054532
7369,4,0,ready to move,apartment,547600000,1.77E+08,370188416
1700,3,0,ready to move,plot,13500000,2.49E+07,-11384256
2025,3,0,ready to move,apartment,33400000,3.20E+07,1370998
2800,4,1,under construction,apartment,36400000,6.25E+07,-26128196
2050,3,1,under construction,apartment,16300000,3.60E+07,-19699744
2898,4,0,ready to move,apartment,19300000,5.22E+07,-32921940
6353,4,1,under construction,apartment,127000000,1.28E+08,-684480
5323,99,0,new,plot,32500000,4.98E+07,-17306736
1269,2,0,ready to move,apartment,8800000,2.25E+07,-13694026
1555,3,1,under construction,apartment,32100000,3.08E+07,1276064
2095,3,0,ready to move,apartment,26500000,3.25E+07,-6036014
2985,3,0,ready to move,apartment,35800000,5.00E+07,-14196084
2273,4,0,ready to move,apartment,33000000,3.73E+07,-4251504
1200,3,0,ready to move,plot,4500000,2.18E+07,-17261802
2630,4,1,under construction,apartment,38700000,6.17E+07,-23037792
581,2,1,under construction,apartment,2325000,1.59E+07,-13578324
5200,4,0,ready to move,apartment,129900000,8.26E+07,47331728
2505,4,1,under construction,apartment,25700000,6.11E+07,-35449144
540,1,0,ready to move,plot,1275000,1.12E+07,-9927948
3887,3,0,ready to move,apartment,85500000,6.92E+07,16335792
3045,3,0,ready to move,apartment,54800000,5.14E+07,3358296
1449,0,0,resale,plot,17700000,3.24E+07,-14686844
2300,3,1,under construction,apartment,41500000,4.21E+07,-577164
3250,4,0,ready to move,apartment,45000000,5.99E+07,-14889680
2004,3,0,ready to move,apartment,35600000,3.19E+07,3723086
3469,3,0,ready to move,apartment,76300000,6.09E+07,15385096
8000,15,0,ready to move,plot,42500000,8.27E+07,-40151032
3051,3,1,under construction,apartment,50300000,5.48E+07,-4514488
1806,3,1,under construction,apartment,36600000,3.33E+07,3268860
1665,3,1,under construction,apartment,33300000,3.19E+07,1379540
2538,3,1,under construction,apartment,33300000,4.70E+07,-13681244
3200,4,0,ready to move,plot,29500000,3.57E+07,-6246252
4000,4,0,ready to move,apartment,72400000,7.10E+07,1378896
4500,4,0,ready to move,floor,39500000,5.71E+07,-17583992
1890,3,0,ready to move,apartment,16500000,3.11E+07,-14551214
1503,3,1,under construction,apartment,17900000,3.03E+07,-12405582
1199,2,1,under construction,apartment,7672000,2.17E+07,-14055122
900,2,0,ready to move,plot,4500000,1.73E+07,-12778672
6750,4,0,ready to move,apartment,133100000,1.36E+08,-2840960
1347,3,1,under construction,apartment,22200000,2.88E+07,-6550524
1975,3,1,under construction,apartment,17100000,3.51E+07,-18024812
2450,4,0,ready to move,apartment,29500000,4.11E+07,-11558492
2800,4,0,ready to move,floor,42500000,3.57E+07,6793468
4500,4,0,ready to move,plot,29000000,5.22E+07,-23186472
1611,3,1,under construction,apartment,21800000,3.14E+07,-9582172
3078,45,0,resale,plot,41000000,5.67E+07,-15694520
2095,3,1,under construction,apartment,37700000,3.66E+07,1078220
1000,1,1,under construction,apartment,15000000,1.47E+07,263478
1624,3,0,ready to move,apartment,59200000,2.91E+07,30075420
1986,3,1,under construction,apartment,17500000,3.53E+07,-17751704
3844,0,1,new,plot,31600000,3.15E+07,88736
1383,3,1,under construction,apartment,31000000,2.91E+07,1890618
900,2,1,under construction,floor,5500000,1.05E+07,-5004970
1643,3,1,under construction,apartment,7000000,3.17E+07,-24701158
497,1,1,under construction,apartment,1988000,1.01E+07,-8090730
3000,4,1,under construction,apartment,60000000,6.35E+07,-3458076
900,2,1,under construction,floor,8500000,1.05E+07,-2004970
1381,2,0,ready to move,apartment,27500000,2.35E+07,4048936
1593,3,0,ready to move,apartment,20700000,2.89E+07,-8200044
1539,0,1,new,plot,14500000,1.92E+07,-4720224
1252,95,1,new,plot,10400000,5.00E+07,-39594660
3618,4,0,ready to move,floor,45000000,4.16E+07,3373488
396,1,1,under construction,apartment,1396000,9.14E+06,-7743920
1348,4,1,under construction,apartment,18000000,3.65E+07,-18469692
3320,4,0,ready to move,apartment,62800000,6.14E+07,1405228
2003,3,0,ready to move,apartment,19900000,3.19E+07,-11969662
1741,2,0,ready to move,apartment,12600000,2.63E+07,-13686864
6521,4,0,ready to move,floor,144800000,9.66E+07,48208544
2147,3,1,under construction,apartment,45700000,3.80E+07,7668568
1850,3,0,ready to move,plot,15800000,2.58E+07,-10024868
1530,3,0,ready to move,apartment,6762000,2.84E+07,-21681744
2055,4,1,under construction,apartment,452100000,5.67E+07,395417472
4430,4,1,under construction,apartment,76600000,8.03E+07,-3685416
700,2,0,ready to move,floor,3500000,1.09E+07,-7423530
3950,4,1,under construction,apartment,70000000,7.10E+07,-979936
1689,3,0,ready to move,apartment,22700000,2.96E+07,-6895372
4785,4,0,ready to move,apartment,105200000,7.68E+07,28441944
3986,3,0,ready to move,apartment,87600000,7.00E+07,17552776
4500,4,0,ready to move,floor,41500000,5.71E+07,-15583992
6353,4,1,under construction,apartment,127000000,1.28E+08,-684480
922,3,1,under construction,apartment,6913000,2.45E+07,-17623720
5000,5,0,ready to move,villa,130700000,9.14E+07,39320456
3395,4,0,ready to move,apartment,84800000,6.28E+07,22002872
3650,4,0,ready to move,apartment,65700000,6.69E+07,-1196552
5223,4,1,under construction,apartment,96900000,9.95E+07,-2563008
1350,2,0,ready to move,apartment,13500000,2.32E+07,-9686162
2398,3,0,ready to move,apartment,16500000,3.52E+07,-18669260
2962,3,0,ready to move,apartment,44400000,4.94E+07,-5002888
900,2,1,under construction,apartment,2300000,1.89E+07,-16580136
248,1,0,ready to move,apartment,700000,9.33E+06,-8625034
1410,2,0,ready to move,apartment,19900000,2.37E+07,-3798864
6265,5,0,ready to move,apartment,93900000,1.12E+08,-17807920
6838,5,1,under construction,apartment,126900000,1.34E+08,-6708136
1120,3,1,under construction,apartment,6940000,2.65E+07,-19547702
646,3,1,under construction,apartment,2632000,2.19E+07,-19241558
2475,4,0,ready to move,apartment,21000000,4.17E+07,-20703244
1975,3,0,ready to move,apartment,55300000,3.17E+07,23633140
1298,0,1,new,plot,11800000,1.79E+07,-6085486
1250,3,1,under construction,apartment,9544000,2.78E+07,-18239588
1665,3,1,under construction,apartment,23900000,3.19E+07,-8020460
5000,5,0,ready to move,floor,110000000,6.76E+07,42362592
6300,8,0,ready to move,plot,45500000,6.95E+07,-24038192
7500,5,0,ready to move,villa,55000000,1.21E+08,-65885528
2073,3,0,ready to move,apartment,57700000,3.24E+07,25323334
3577,4,1,under construction,apartment,64300000,6.64E+07,-2079688
1000,2,0,ready to move,plot,5500000,1.80E+07,-12523668
1389,3,1,under construction,apartment,13300000,2.92E+07,-15869196
2095,3,0,ready to move,apartment,42500000,3.25E+07,9963986
2000,3,0,ready to move,floor,13500000,2.60E+07,-12542816
6000,6,0,ready to move,apartment,80000000,1.01E+08,-21447152
1852,3,1,under construction,apartment,9950000,3.38E+07,-23842832
2350,3,0,ready to move,apartment,16600000,3.47E+07,-18093824
1800,3,0,ready to move,apartment,18000000,3.04E+07,-12399344
4220,4,0,ready to move,apartment,47500000,7.28E+07,-25315872
1390,2,0,ready to move,apartment,28000000,2.35E+07,4472030
1611,0,1,new,plot,11600000,1.96E+07,-8018976
2700,3,0,ready to move,apartment,25000000,4.13E+07,-16250204
1997,3,0,ready to move,apartment,14600000,3.18E+07,-17226210
2408,3,1,under construction,apartment,13900000,4.43E+07,-30372416
1125,0,0,new,plot,16200000,1.82E+07,-1996232
1800,3,0,ready to move,floor,23000000,2.44E+07,-1381284
2637,4,1,under construction,apartment,18000000,6.18E+07,-43770336
1440,3,1,under construction,apartment,14400000,2.97E+07,-15277576
3200,4,0,ready to move,plot,33000000,3.57E+07,-2746252
2768,4,0,ready to move,apartment,49800000,4.92E+07,565876
6454,6,1,new,plot,91600000,8.46E+07,7045888
4500,4,0,ready to move,apartment,25200000,7.47E+07,-49514864
1630,3,1,under construction,apartment,22000000,3.16E+07,-9571564
1490,3,0,ready to move,apartment,15500000,2.82E+07,-12654032
1370,3,0,ready to move,apartment,27600000,2.73E+07,315124
1665,3,1,under construction,apartment,33300000,3.19E+07,1379540
1227,3,0,ready to move,apartment,25500000,2.62E+07,-718004
1950,3,1,under construction,apartment,18900000,3.48E+07,-15920808
2550,3,0,ready to move,apartment,27400000,3.67E+07,-9300456
2380,3,1,under construction,apartment,42800000,4.37E+07,-903276
1000,2,0,ready to move,plot,3550000,1.80E+07,-14473660
2711,4,0,ready to move,plot,37500000,3.35E+07,3953222
1310,2,0,ready to move,apartment,28900000,2.28E+07,6055636
1250,2,0,ready to move,apartment,9800000,2.23E+07,-12530916
3322,3,0,ready to move,apartment,53100000,5.75E+07,-4421856
1408,4,1,under construction,apartment,13600000,3.72E+07,-23635120
2369,3,0,ready to move,apartment,24400000,3.49E+07,-10482024
4175,4,1,under construction,apartment,60000000,7.42E+07,-14248560
1465,2,1,under construction,apartment,11800000,2.43E+07,-12477444
3150,4,0,ready to move,apartment,25200000,5.77E+07,-32500176
2857,4,0,ready to move,apartment,61400000,5.13E+07,10120544
3695,4,0,ready to move,apartment,53500000,6.75E+07,-13993168
1700,3,0,ready to move,apartment,22400000,2.97E+07,-7275056
431,1,1,under construction,apartment,1600000,9.47E+06,-7865248
2200,3,0,ready to move,plot,23000000,2.80E+07,-5022166
1983,3,0,ready to move,apartment,10200000,3.17E+07,-21524804
2015,3,1,under construction,apartment,26200000,3.56E+07,-9389308
2882,3,0,ready to move,apartment,31200000,4.73E+07,-16087928
1950,4,0,ready to move,apartment,39300000,3.44E+07,4924532
2067,3,0,ready to move,apartment,19500000,3.23E+07,-12833216
1472,0,1,new,plot,12500000,1.88E+07,-6349158
2704,4,0,ready to move,apartment,41500000,4.76E+07,-6109204
1572,2,0,ready to move,apartment,14200000,2.51E+07,-10881924
3680,4,1,under construction,apartment,68200000,6.76E+07,577688
2650,4,0,ready to move,floor,27000000,3.45E+07,-7531648
1206,0,1,new,plot,11300000,1.74E+07,-6075964
2200,3,1,under construction,apartment,28600000,3.95E+07,-10868208
7000,5,0,ready to move,villa,70000000,1.18E+08,-47794352
4500,0,0,new,plot,27300000,5.85E+07,-31175984
1359,3,1,under construction,apartment,18000000,2.89E+07,-10870140
1503,3,1,under construction,apartment,19900000,3.03E+07,-10405582
3090,3,0,ready to move,apartment,57100000,5.24E+07,4745912
1518,3,1,under construction,apartment,18200000,3.05E+07,-12255108
5870,5,0,ready to move,apartment,63200000,1.01E+08,-38098200
1213,2,1,under construction,apartment,11000000,2.19E+07,-10861350
2122,3,0,ready to move,apartment,18500000,3.27E+07,-14231576
1300,2,0,ready to move,apartment,11500000,2.28E+07,-11258918
1672,3,1,under construction,apartment,17500000,3.20E+07,-14490238
5092,4,0,ready to move,apartment,112000000,8.05E+07,31470152
3986,3,0,ready to move,apartment,43400000,7.00E+07,-26647224
1225,3,1,under construction,apartment,32500000,2.75E+07,4965624
6541,5,0,ready to move,floor,154400000,9.45E+07,59874752
6565,5,0,ready to move,apartment,62500000,1.21E+08,-58900440
1593,3,0,ready to move,apartment,20700000,2.89E+07,-8200044
4140,4,1,under construction,apartment,45500000,7.37E+07,-28240816
3865,4,1,under construction,apartment,23700000,6.99E+07,-46230632
4500,1,0,resale,plot,82500000,7.74E+07,5115744
7400,5,0,ready to move,villa,56000000,1.20E+08,-64273640
2528,3,1,under construction,apartment,50500000,4.67E+07,3754872
2191,4,0,ready to move,apartment,31000000,3.64E+07,-5407308
4200,4,0,ready to move,apartment,55000000,7.27E+07,-17679352
2600,3,1,under construction,apartment,42900000,4.82E+07,-5257588
1976,3,1,under construction,apartment,39500000,3.51E+07,4363656
1751,4,1,under construction,apartment,65500000,4.75E+07,18024640
865,2,0,ready to move,apartment,8061000,1.89E+07,-10877686
3400,5,0,ready to move,apartment,43000000,6.39E+07,-20880028
2952,3,0,ready to move,apartment,64900000,4.91E+07,15755016
2100,3,0,ready to move,plot,14200000,2.74E+07,-13194372
3854,4,0,ready to move,villa,39500000,7.00E+07,-30460816
2595,3,0,ready to move,apartment,57000000,3.78E+07,19233104
1251,0,0,new,plot,9000000,1.93E+07,-10272650
3850,3,0,ready to move,apartment,84700000,6.88E+07,15907664
2317,4,0,ready to move,apartment,12900000,3.77E+07,-24804484
2662,3,0,ready to move,apartment,42500000,4.00E+07,2510432
1269,2,0,ready to move,apartment,7100000,2.25E+07,-15394026
2250,3,1,under construction,apartment,39300000,4.08E+07,-1523652
2450,4,0,ready to move,apartment,26000000,4.11E+07,-15058492
1350,0,0,new,plot,13500000,2.01E+07,-6618400
2185,3,0,ready to move,plot,41000000,2.79E+07,13072008
1200,3,0,ready to move,plot,4500000,2.18E+07,-17261802
2588,3,1,under construction,apartment,37500000,4.79E+07,-10449476
2700,4,0,ready to move,floor,46000000,3.49E+07,11076728
2768,3,0,ready to move,apartment,59500000,4.35E+07,15993940
6400,5,0,ready to move,villa,50000000,1.12E+08,-61877992
4902,4,0,ready to move,apartment,107800000,7.80E+07,29796496
2370,2,0,ready to move,apartment,90000000,3.08E+07,59178524
2000,3,0,ready to move,apartment,13000000,3.18E+07,-18847936
1550,2,0,ready to move,apartment,15000000,2.49E+07,-9896464
2400,3,1,under construction,apartment,31200000,4.41E+07,-12909804
2134,3,0,ready to move,apartment,17200000,3.28E+07,-15618494
6899,5,0,ready to move,villa,116400000,1.17E+08,-417056
4184,4,0,ready to move,apartment,30000000,7.26E+07,-42570128
1711,3,0,ready to move,apartment,35000000,2.98E+07,5245280
1215,2,0,ready to move,apartment,15200000,2.20E+07,-6822528
561,2,1,under construction,apartment,2286000,1.57E+07,-13430690
2368,4,1,under construction,floor,25000000,3.17E+07,-6676218
3000,4,0,ready to move,apartment,49000000,5.44E+07,-5391216
1210,1,0,under construction,apartment,15700000,1.79E+07,-2228392
1350,1,0,resale,plot,21000000,3.67E+07,-15702488
870,1,0,ready to move,apartment,9570000,1.45E+07,-4942794
10000,6,0,ready to move,apartment,156000000,2.28E+08,-71759328
11505,5,0,ready to move,apartment,253100000,3.18E+08,-64403680
1500,3,1,under construction,apartment,24700000,3.03E+07,-5575680
1350,0,0,new,plot,9749000,2.01E+07,-10369400
2100,4,1,under construction,apartment,13800000,5.75E+07,-43675976
3600,4,1,under construction,apartment,55000000,6.67E+07,-11667968
3344,3,0,ready to move,apartment,73500000,5.80E+07,15496376
2700,4,0,ready to move,plot,23800000,3.35E+07,-9693188
4518,4,0,ready to move,floor,45000000,5.74E+07,-12364128
3836,3,0,ready to move,apartment,84300000,6.86E+07,15693264
1550,3,0,ready to move,plot,15900000,2.39E+07,-8047524
1611,3,1,under construction,floor,21500000,2.19E+07,-430568
3044,4,0,ready to move,apartment,38100000,5.53E+07,-17183248
981,2,1,under construction,apartment,8500000,1.96E+07,-11137014
1250,3,1,under construction,apartment,7449000,2.78E+07,-20334588
1275,2,0,ready to move,apartment,7041000,2.25E+07,-15504290
5900,4,0,ready to move,villa,82700000,1.06E+08,-23289456
2004,3,0,ready to move,apartment,44300000,3.19E+07,12423086
1726,4,1,under construction,apartment,52000000,4.66E+07,5375756
1629,2,0,ready to move,apartment,34200000,2.55E+07,8714012
2129,3,0,ready to move,apartment,43000000,3.28E+07,10217728
1350,0,0,resale,plot,17200000,3.15E+07,-14309134
2800,4,0,ready to move,apartment,22500000,5.00E+07,-27469508
2122,3,0,ready to move,apartment,19000000,3.27E+07,-13731576
1855,3,1,under construction,apartment,28500000,3.38E+07,-5322944
4000,3,0,ready to move,apartment,88000000,7.02E+07,17827904
1711,3,0,ready to move,apartment,33000000,2.98E+07,3245280
2050,3,0,ready to move,plot,36000000,2.71E+07,8919528
1269,2,1,under construction,apartment,7867000,2.24E+07,-14531262
1527,3,0,ready to move,apartment,15600000,2.84E+07,-12822018
1433,2,0,ready to move,apartment,31600000,2.39E+07,7704592
1745,3,0,ready to move,apartment,48600000,3.00E+07,18599012
4500,4,0,ready to move,floor,53900000,5.71E+07,-3183992
1192,2,1,under construction,apartment,7627000,2.17E+07,-14033012
1426,3,0,ready to move,apartment,39700000,2.77E+07,12009520
5000,5,0,ready to move,plot,75000000,5.77E+07,17252472
1368,0,0,new,plot,18600000,2.03E+07,-1672168
1852,3,1,under construction,apartment,16400000,3.38E+07,-17392832
1310,2,0,ready to move,apartment,13500000,2.28E+07,-9344372
1200,3,0,ready to move,plot,4500000,2.18E+07,-17261802
900,2,0,ready to move,apartment,3500000,1.92E+07,-15747080
1464,4,1,under construction,apartment,44100000,3.88E+07,5327960
2631,4,0,ready to move,apartment,28000000,4.57E+07,-17726516
5866,5,0,ready to move,apartment,276800000,1.01E+08,175615744
1456,2,0,ready to move,apartment,21500000,2.41E+07,-2591936
4050,0,0,new,plot,26900000,5.00E+07,-23098824
1750,3,0,ready to move,apartment,19700000,3.00E+07,-10337200
1711,3,1,under construction,apartment,17600000,3.24E+07,-14779008
2282,3,1,under construction,apartment,41000000,4.17E+07,-691132
1855,4,0,ready to move,apartment,25900000,3.37E+07,-7838600
2781,3,0,ready to move,apartment,51400000,4.39E+07,7462680
1578,2,1,under construction,apartment,150000000,2.54E+07,124638700
2600,3,1,under construction,apartment,42900000,4.82E+07,-5257588
1211,2,1,under construction,apartment,9231000,2.18E+07,-12611176
1225,3,1,under construction,apartment,26000000,2.75E+07,-1534376
1566,2,1,under construction,apartment,18700000,2.52E+07,-6546178
1428,3,0,ready to move,apartment,12100000,2.77E+07,-15604966
2295,3,0,ready to move,apartment,53000000,3.41E+07,18850940
950,2,0,ready to move,apartment,6000000,1.97E+07,-13687622
1789,3,0,ready to move,apartment,18500000,3.03E+07,-11819666
542,2,1,under construction,apartment,2166000,1.55E+07,-13373384
955,2,0,ready to move,apartment,8175000,1.97E+07,-11556674
2651,3,0,ready to move,apartment,71500000,3.96E+07,31875352
900,1,0,ready to move,apartment,4050000,1.48E+07,-10712996
1503,3,0,ready to move,apartment,21400000,2.82E+07,-6848188
1967,3,1,under construction,apartment,39300000,3.50E+07,4267476
2095,4,0,ready to move,plot,32500000,2.99E+07,2582418
1731,4,1,under construction,apartment,68400000,4.68E+07,21605160
1423,3,1,under construction,apartment,7799000,2.95E+07,-21709116
2400,3,0,ready to move,plot,7999000,2.93E+07,-21278750
2215,3,0,ready to move,apartment,29000000,3.34E+07,-4405168
3243,4,1,under construction,apartment,60100000,6.46E+07,-4487876
1740,4,0,ready to move,apartment,34800000,3.31E+07,1728642
1967,3,1,under construction,apartment,39300000,3.50E+07,4267476
1500,2,0,ready to move,apartment,11700000,2.45E+07,-12767924
3795,4,0,ready to move,apartment,25400000,6.88E+07,-43418960
7452,5,1,under construction,apartment,138300000,1.48E+08,-9399984
5036,5,0,ready to move,villa,97700000,9.21E+07,5634856
2700,3,0,ready to move,floor,12500000,3.13E+07,-18822038
690,2,1,under construction,apartment,2387000,1.69E+07,-14533476
1751,3,0,ready to move,apartment,9000000,3.00E+07,-21044444
4518,5,0,ready to move,plot,32000000,5.31E+07,-21055240
4500,0,0,new,plot,64900000,5.85E+07,6424016
3243,4,1,under construction,apartment,60100000,6.46E+07,-4487876
1210,3,0,ready to move,floor,9500000,1.94E+07,-9902036
2360,3,1,under construction,apartment,37700000,4.33E+07,-5596748
675,2,1,under construction,apartment,2381000,1.68E+07,-14399500
1432,3,1,under construction,apartment,27800000,2.96E+07,-1797828
1215,2,1,under construction,apartment,8700000,2.19E+07,-13180524
1800,3,0,ready to move,plot,20000000,2.55E+07,-5510980
1330,2,1,under construction,apartment,14000000,2.30E+07,-8983108
1350,2,1,under construction,apartment,18000000,2.32E+07,-5174868
642,3,1,under construction,apartment,2566000,2.18E+07,-19269282
1233,0,0,resale,plot,123000,3.05E+07,-30354888
577,2,1,under construction,apartment,2347000,1.59E+07,-13518982
6900,4,0,ready to move,apartment,117300000,1.48E+08,-30230528
508,2,1,under construction,apartment,2082000,1.52E+07,-13140112
2700,4,1,under construction,apartment,45000000,6.21E+07,-17063256
2206,3,1,under construction,apartment,34400000,3.96E+07,-5230864
1368,2,1,under construction,apartment,9380000,2.33E+07,-13967450
1755,3,0,ready to move,apartment,15000000,3.01E+07,-15073418
2528,3,1,under construction,apartment,50500000,4.67E+07,3754872
2313,4,0,ready to move,floor,47000000,3.17E+07,15315226
2460,3,1,under construction,apartment,52400000,4.53E+07,7070604
2325,4,0,ready to move,apartment,13700000,3.78E+07,-24120196
1190,3,1,under construction,apartment,10800000,2.72E+07,-16385492
4615,4,0,ready to move,apartment,142200000,7.54E+07,66801536
1650,3,0,ready to move,apartment,9000000,2.93E+07,-20312908
672,2,1,under construction,apartment,2419000,1.68E+07,-14333508
2800,4,1,under construction,apartment,36400000,6.25E+07,-26128196
2319,3,0,ready to move,apartment,20000000,3.44E+07,-14386776
1298,3,0,ready to move,apartment,9400000,2.68E+07,-17363388
4539,3,0,ready to move,apartment,68000000,7.40E+07,-5989456
1555,3,1,under construction,apartment,32100000,3.08E+07,1276064
817,2,1,under construction,apartment,12000000,1.81E+07,-6105610
1440,0,1,new,plot,13500000,1.87E+07,-5171936
2677,3,0,ready to move,apartment,43000000,4.05E+07,2512812
1197,0,1,new,plot,11300000,1.73E+07,-6026124
3700,3,0,ready to move,apartment,42600000,6.62E+07,-23635072
990,2,0,ready to move,apartment,12800000,2.00E+07,-7240068
2560,4,1,under construction,apartment,11900000,6.14E+07,-49512336
2300,3,0,ready to move,apartment,14900000,3.42E+07,-19298592
2443,4,0,ready to move,apartment,20500000,4.09E+07,-20377960
2200,3,1,under construction,apartment,28600000,3.95E+07,-10868208
900,0,0,new,plot,9000000,1.63E+07,-7274058
1562,2,1,under construction,floor,12000000,1.65E+07,-4503640
4140,4,1,under construction,apartment,66800000,7.37E+07,-6940816
9000,5,0,ready to move,penthouse,250000000,1.09E+08,140727712
1518,3,1,under construction,apartment,18200000,3.05E+07,-12255108
1152,0,1,new,plot,8319000,1.71E+07,-8757902
1602,0,0,new,plot,24000000,2.23E+07,1728780
2779,4,0,ready to move,apartment,17500000,4.95E+07,-31986916
1665,3,1,under construction,apartment,21600000,3.19E+07,-10320460
1677,2,0,ready to move,apartment,41900000,2.58E+07,16073748
7500,5,0,ready to move,apartment,270000000,1.58E+08,112119456
2800,4,1,under construction,apartment,36400000,6.25E+07,-26128200
2700,4,0,ready to move,apartment,35000000,4.75E+07,-12506040
1579,3,0,ready to move,apartment,33500000,2.88E+07,4701340
6297,0,0,new,plot,52400000,1.17E+08,-64126792
735,2,1,under construction,apartment,8629000,1.73E+07,-8711398
2535,4,0,ready to move,apartment,18000000,4.33E+07,-25250656
2360,3,1,under construction,apartment,37700000,4.33E+07,-5596748
810,0,0,new,plot,1290000,1.55E+07,-14215198
1620,0,0,new,plot,21200000,2.24E+07,-1225004
3075,4,1,under construction,apartment,50700000,6.38E+07,-13106776
915,2,0,ready to move,apartment,7000000,1.94E+07,-12379240
2847,4,0,ready to move,apartment,48300000,5.10E+07,-2749608
600,2,0,ready to move,apartment,4000000,1.66E+07,-12603794
2720,4,0,ready to move,apartment,56500000,4.80E+07,8478152
1200,2,1,under construction,apartment,19800000,2.17E+07,-1936714
2110,3,0,ready to move,apartment,13700000,3.26E+07,-18944662
2588,3,0,ready to move,apartment,39000000,3.75E+07,1465328
1420,2,1,under construction,apartment,20900000,2.38E+07,-2945998
1869,3,0,ready to move,apartment,55900000,3.09E+07,25000888
4500,4,0,ready to move,apartment,45000000,7.47E+07,-29714864
1383,3,1,under construction,apartment,31000000,2.91E+07,1890618
1357,3,1,under construction,apartment,55900000,2.89E+07,27049796
2800,4,1,under construction,apartment,36400000,6.25E+07,-26128196
3150,4,0,ready to move,apartment,35000000,5.77E+07,-22700176
3850,4,1,under construction,apartment,54600000,6.97E+07,-15143472
3192,4,0,ready to move,apartment,22000000,5.86E+07,-36619768
2700,0,0,new,plot,22400000,3.17E+07,-9251398
2430,4,0,ready to move,floor,45000000,3.27E+07,12292426
3850,3,0,ready to move,apartment,57700000,6.88E+07,-11092336
2277,3,0,ready to move,apartment,51400000,3.40E+07,17429224
1555,3,1,under construction,apartment,32100000,3.08E+07,1276064
3680,4,1,under construction,apartment,68200000,6.76E+07,577688
3652,3,0,ready to move,apartment,80300000,6.53E+07,14978200
4742,4,0,ready to move,apartment,51600000,7.63E+07,-24700336
1830,3,0,ready to move,apartment,11700000,3.06E+07,-18916632
1812,3,0,ready to move,apartment,31400000,3.05E+07,913736
1676,2,0,ready to move,apartment,50000000,2.58E+07,24180830
2595,3,0,ready to move,apartment,42800000,3.78E+07,5033104
1091,3,1,under construction,apartment,37800000,2.62E+07,11601380
3000,3,0,ready to move,apartment,80800000,5.04E+07,30417052
1573,2,1,under construction,apartment,16000000,2.53E+07,-9313332
2400,3,0,ready to move,apartment,31200000,3.52E+07,-3989064
910,3,0,ready to move,apartment,6000000,2.34E+07,-17430272
5800,4,0,ready to move,apartment,52500000,9.95E+07,-46960536
1975,3,1,under construction,apartment,34100000,3.51E+07,-1024816
2500,4,1,under construction,floor,37500000,3.25E+07,5043704
2600,4,0,ready to move,plot,12000000,3.30E+07,-21006046
1449,2,0,ready to move,apartment,20000000,2.40E+07,-4032120
1525,2,1,under construction,apartment,18300000,2.49E+07,-6552816
1190,2,0,ready to move,apartment,14200000,2.18E+07,-7602258
3240,4,0,ready to move,plot,34500000,3.60E+07,-1471116
1593,3,1,under construction,apartment,19000000,3.12E+07,-12202736
4944,4,0,ready to move,apartment,108700000,7.85E+07,30249424
5492,4,0,ready to move,apartment,120800000,8.99E+07,30941008
2502,3,0,ready to move,plot,30000000,2.99E+07,81896
1079,2,0,ready to move,apartment,9200000,2.08E+07,-11624232
4752,4,0,ready to move,floor,55000000,6.12E+07,-6248084
4038,4,1,under construction,apartment,74900000,7.22E+07,2693568
3250,4,1,under construction,apartment,40600000,6.46E+07,-24020424
2666,4,0,ready to move,apartment,55000000,4.66E+07,8370824
1269,2,1,under construction,apartment,7500000,2.24E+07,-14898262
2450,4,0,ready to move,apartment,29500000,4.11E+07,-11558492
1677,3,1,under construction,apartment,44000000,3.20E+07,11959920
2025,3,1,under construction,apartment,12300000,3.57E+07,-23406580
1967,3,1,under construction,apartment,34000000,3.50E+07,-1032520
2160,3,0,ready to move,apartment,20500000,3.30E+07,-12506814
1250,1,1,under construction,apartment,27500000,1.70E+07,10456578
4000,4,0,ready to move,apartment,72000000,7.10E+07,978896
2095,3,1,under construction,apartment,26600000,3.66E+07,-10021780
2071,3,1,under construction,apartment,23200000,3.62E+07,-13046016
1518,4,1,under construction,apartment,24500000,4.04E+07,-15862788
1800,2,0,ready to move,plot,9500000,2.32E+07,-13716982
1657,4,1,under construction,apartment,14000000,4.45E+07,-30457504
2600,4,0,ready to move,floor,26000000,3.41E+07,-8140016
2200,3,0,ready to move,plot,23500000,2.80E+07,-4522166
1975,3,1,under construction,apartment,39500000,3.51E+07,4375184
2000,3,0,ready to move,floor,12500000,2.60E+07,-13542816
2367,0,0,resale,plot,34100000,3.98E+07,-5652304
2283,5,1,under construction,apartment,37600000,6.33E+07,-25740296
1760,3,0,ready to move,apartment,9856000,3.01E+07,-20253622
2107,3,1,under construction,apartment,34700000,3.69E+07,-2247088
6565,5,0,ready to move,apartment,62500000,1.21E+08,-58900440
2595,3,0,ready to move,apartment,57000000,3.78E+07,19233104
4100,5,1,under construction,apartment,52700000,8.11E+07,-28419720
1836,3,0,ready to move,apartment,14500000,3.07E+07,-16160094
3330,4,0,ready to move,plot,42500000,3.65E+07,6022964
1300,2,1,under construction,apartment,26000000,2.27E+07,3304524
3150,5,0,ready to move,villa,68600000,6.59E+07,2741640
2015,3,1,under construction,apartment,40800000,3.56E+07,5210692
2700,4,0,ready to move,apartment,31000000,4.75E+07,-16506040
3200,4,0,ready to move,house,30000000,5.51E+07,-25119120
1900,4,1,under construction,apartment,40400000,5.24E+07,-12048512
4500,4,0,ready to move,floor,41200000,5.71E+07,-15883992
1494,2,1,under construction,apartment,8700000,2.46E+07,-15855488
2385,0,0,new,plot,27200000,2.90E+07,-1760364
4054,4,1,under construction,apartment,75200000,7.25E+07,2742712
3375,4,0,ready to move,apartment,28000000,6.24E+07,-34412728
2700,4,0,ready to move,apartment,54000000,4.75E+07,6493960
1350,6,0,resale,plot,12900000,4.49E+07,-32006136
2200,3,1,under construction,apartment,28600000,3.95E+07,-10868208
2160,4,0,ready to move,plot,26500000,3.03E+07,-3828938
1975,3,1,under construction,apartment,39500000,3.51E+07,4375184
1980,3,0,ready to move,apartment,17500000,3.17E+07,-14203076
1109,3,1,under construction,apartment,38400000,2.64E+07,12021952
1981,4,1,under construction,apartment,35600000,5.47E+07,-19111640
1614,3,1,under construction,apartment,13900000,3.14E+07,-17512074
1264,2,0,ready to move,apartment,9100000,2.25E+07,-13351300
486,3,0,ready to move,plot,7200000,1.73E+07,-10056192
4650,4,0,ready to move,apartment,39500000,7.56E+07,-36106528
3975,4,1,under construction,apartment,48200000,7.13E+07,-23087928
7525,15,0,ready to move,house,38700000,8.96E+07,-50854616
1726,4,1,under construction,apartment,52000000,4.66E+07,5375756
1300,2,0,ready to move,apartment,6000000,2.28E+07,-16758918
2400,4,0,ready to move,apartment,11000000,3.98E+07,-28768980
2785,3,0,ready to move,apartment,79400000,4.41E+07,35329980
2475,4,0,ready to move,apartment,26500000,4.17E+07,-15203244
683,1,0,ready to move,apartment,9186000,1.30E+07,-3767116
1665,3,1,under construction,apartment,9900000,3.19E+07,-22020460
1512,3,0,ready to move,apartment,42100000,2.83E+07,13786624
1692,3,0,ready to move,apartment,21100000,2.96E+07,-8517112
1485,0,1,new,plot,13200000,1.89E+07,-5721152
1457,2,0,ready to move,apartment,11100000,2.41E+07,-13000480
1797,4,1,under construction,apartment,34800000,4.90E+07,-14226484
838,3,1,under construction,apartment,2630000,2.37E+07,-21085088
1877,3,0,ready to move,apartment,26600000,3.10E+07,-4357052
2275,5,1,under construction,apartment,37500000,6.33E+07,-25799304
1508,2,0,ready to move,apartment,31500000,2.45E+07,6963716
1750,3,0,ready to move,floor,18000000,2.40E+07,-5965884
2430,4,0,ready to move,floor,32500000,3.27E+07,-207576
2200,4,0,ready to move,floor,17700000,3.07E+07,-13010720
2637,4,1,under construction,apartment,42500000,6.18E+07,-19270336
1494,2,0,ready to move,apartment,8700000,2.44E+07,-15716644
1900,4,1,under construction,apartment,23500000,5.24E+07,-28948512
11500,7,0,ready to move,penthouse,120000000,2.90E+08,-169960192
1200,3,0,ready to move,plot,3600000,2.18E+07,-18161802
2538,3,1,under construction,apartment,50700000,4.70E+07,3718756
1620,3,0,ready to move,apartment,15000000,2.91E+07,-14095616
1470,3,0,ready to move,floor,21300000,2.16E+07,-339738
2025,3,1,under construction,apartment,13000000,3.57E+07,-22706580
2510,4,1,under construction,apartment,50200000,6.12E+07,-10979864
1692,3,1,under construction,apartment,11500000,3.22E+07,-20689606
1371,3,0,ready to move,apartment,13000000,2.73E+07,-14292126
3695,4,1,under construction,apartment,60900000,6.78E+07,-6909480
4400,4,0,ready to move,apartment,83600000,7.40E+07,9555424
2595,4,0,ready to move,apartment,14200000,4.48E+07,-30598060
915,2,0,ready to move,apartment,11800000,1.94E+07,-7579240
3487,4,1,under construction,apartment,20800000,6.57E+07,-44922328
2230,2,0,ready to move,apartment,33400000,2.98E+07,3587816
6096,5,1,under construction,apartment,113100000,1.18E+08,-4824984
900,0,0,resale,plot,22000000,2.76E+07,-5554360
1800,3,1,under construction,apartment,38400000,3.33E+07,5129082
2177,3,0,ready to move,apartment,14200000,3.31E+07,-18929936
6828,5,1,under construction,apartment,126700000,1.33E+08,-6678624
4548,4,0,ready to move,apartment,54000000,7.50E+07,-21000192
3125,4,0,ready to move,apartment,27900000,5.72E+07,-29252788
1440,3,1,under construction,apartment,9181000,2.97E+07,-20496576
5866,5,0,ready to move,apartment,276800000,1.01E+08,175615744
1210,2,0,ready to move,apartment,7865000,2.20E+07,-14113474
2937,3,1,under construction,apartment,43000000,5.33E+07,-10321956
1800,0,0,new,plot,18000000,2.40E+07,-5962736
2600,3,1,under construction,apartment,16700000,4.82E+07,-31457592
1640,3,0,ready to move,apartment,24800000,2.92E+07,-4440468
1650,3,1,under construction,apartment,23500000,3.18E+07,-8270936
2004,3,0,ready to move,apartment,44300000,3.19E+07,12423086
1180,3,1,under construction,apartment,13400000,2.71E+07,-13685804
2400,4,0,ready to move,apartment,26400000,3.98E+07,-13368980
1405,3,1,under construction,apartment,25200000,2.93E+07,-4128680
1518,3,1,under construction,apartment,18200000,3.05E+07,-12255108
3600,4,0,ready to move,floor,28800000,4.14E+07,-12639108
4000,3,0,ready to move,apartment,88000000,7.02E+07,17827904
2650,3,0,ready to move,apartment,22500000,3.96E+07,-17091476
1692,3,0,ready to move,apartment,21100000,2.96E+07,-8517112
1190,2,1,under construction,apartment,13300000,2.16E+07,-8340836
2500,3,1,under construction,apartment,35600000,4.61E+07,-10542452
2150,3,0,ready to move,apartment,15500000,3.29E+07,-17434372
1310,2,0,ready to move,apartment,13100000,2.28E+07,-9744364
1530,0,0,new,plot,13600000,2.17E+07,-8056130
3096,99,0,new,plot,17800000,4.90E+07,-31174508
2630,4,1,under construction,apartment,38700000,6.17E+07,-23037792
2249,4,1,under construction,apartment,44900000,5.92E+07,-14259136
1895,3,0,ready to move,apartment,37900000,3.11E+07,6812580
1998,4,0,ready to move,apartment,28300000,3.48E+07,-6456428
1433,2,0,ready to move,apartment,31600000,2.39E+07,7704592
2120,3,0,ready to move,apartment,12500000,3.27E+07,-20217088
7582,5,1,under construction,apartment,140700000,1.51E+08,-9983616
4400,4,0,ready to move,apartment,60000000,7.40E+07,-14044576
1211,3,1,under construction,apartment,5944000,2.74E+07,-21450824
1789,3,0,ready to move,apartment,24000000,3.03E+07,-6319666
2445,3,1,under construction,apartment,39100000,4.50E+07,-5924496
1215,2,0,ready to move,apartment,15000000,2.20E+07,-7022528
2925,4,0,ready to move,apartment,19500000,5.28E+07,-33342600
2350,3,1,under construction,apartment,26400000,4.31E+07,-16693484
1950,3,0,ready to move,apartment,11000000,3.15E+07,-20485788
2100,3,0,ready to move,floor,26000000,2.69E+07,-873584
2450,3,0,ready to move,apartment,85000000,3.57E+07,49315696
2670,4,1,under construction,apartment,53400000,6.19E+07,-8523768
2129,3,0,ready to move,apartment,43000000,3.28E+07,10217728
1726,4,1,under construction,apartment,52000000,4.66E+07,5375756
2700,4,0,ready to move,apartment,23000000,4.75E+07,-24506040
3850,4,1,under construction,apartment,54600000,6.97E+07,-15143472
2200,4,0,ready to move,plot,16500000,3.06E+07,-14082070
9000,5,0,ready to move,apartment,198000000,2.15E+08,-17336768
679,2,1,under construction,apartment,2414000,1.68E+07,-14403828
1930,3,0,ready to move,apartment,27500000,3.13E+07,-3840928
3888,3,0,ready to move,apartment,42300000,6.92E+07,-26873120
3500,3,0,ready to move,apartment,70000000,6.18E+07,8238104
2700,3,1,under construction,apartment,21500000,4.98E+07,-28321964
4038,4,1,under construction,apartment,74900000,7.22E+07,2693568
2370,2,0,ready to move,apartment,90000000,3.08E+07,59178524
2089,4,1,under construction,apartment,56500000,5.73E+07,-813008
2963,4,0,ready to move,apartment,66300000,5.36E+07,12658904
4100,5,1,under construction,apartment,52700000,8.11E+07,-28419720
1213,2,1,under construction,apartment,14700000,2.19E+07,-7161350
3529,4,0,ready to move,apartment,134000000,6.52E+07,68838248
2600,3,1,under construction,apartment,29000000,4.82E+07,-19157588
1343,3,0,ready to move,apartment,37400000,2.71E+07,10310684
2282,3,1,under construction,apartment,41000000,4.17E+07,-691132
1800,3,0,ready to move,plot,14500000,2.55E+07,-11010980
6343,5,0,ready to move,apartment,95100000,1.14E+08,-18658568
4500,0,0,new,plot,76500000,5.85E+07,18024016
900,2,0,ready to move,plot,3500000,1.73E+07,-13778672
1575,6,1,new,plot,22300000,3.32E+07,-10851520
2082,3,0,ready to move,apartment,30000000,3.24E+07,-2441850
3000,5,0,ready to move,plot,23500000,3.63E+07,-12811192
1440,4,0,ready to move,plot,16500000,2.58E+07,-9272446
835,3,1,under construction,apartment,2630000,2.37E+07,-21055748
1550,2,0,ready to move,apartment,11300000,2.49E+07,-13596464
4775,5,0,ready to move,apartment,90400000,7.85E+07,11887232
2290,3,1,under construction,apartment,42500000,4.19E+07,626104
1095,2,1,under construction,apartment,8900000,2.07E+07,-11830010
1075,2,0,ready to move,apartment,8200000,2.08E+07,-12588998
1222,2,1,under construction,apartment,7819000,2.19E+07,-14128636
1760,3,0,ready to move,apartment,18000000,3.01E+07,-12109622
500,2,0,ready to move,apartment,3000000,1.57E+07,-12722684
1968,4,1,under construction,apartment,13000000,5.44E+07,-41360864
3799,3,0,ready to move,apartment,40000000,6.80E+07,-27964096
1946,3,1,under construction,apartment,19500000,3.48E+07,-15270972
1250,1,1,under construction,apartment,27500000,1.70E+07,10456578
2570,4,1,under construction,apartment,35800000,6.15E+07,-25658828
3890,4,1,under construction,apartment,72100000,7.02E+07,1859240
2054,3,1,under construction,apartment,30700000,3.60E+07,-5346660
2015,3,1,under construction,apartment,40800000,3.56E+07,5210692
4518,0,0,resale,plot,80000000,7.42E+07,5798024
990,2,0,ready to move,apartment,12800000,2.00E+07,-7240068
3043,3,0,ready to move,apartment,45600000,5.14E+07,-5801152
4000,3,0,ready to move,apartment,88000000,7.02E+07,17827904
3116,4,0,ready to move,apartment,118300000,5.70E+07,61344256
1215,2,1,under construction,apartment,8630000,2.19E+07,-13250524
1815,4,0,ready to move,apartment,11000000,3.35E+07,-22506516
1020,2,1,under construction,apartment,6230000,2.00E+07,-13780930
60,0,0,resale,plot,4000000,1.97E+07,-15716726
2430,4,0,ready to move,plot,32500000,3.20E+07,462388
1711,3,0,ready to move,apartment,35000000,2.98E+07,5245280
1085,2,1,under construction,apartment,12500000,2.06E+07,-8134130
2250,0,0,new,plot,20000000,2.78E+07,-7807064
1376,3,0,ready to move,apartment,27700000,2.73E+07,371676
5411,4,0,ready to move,villa,111100000,9.72E+07,13887488
781,2,0,ready to move,floor,8200000,1.17E+07,-3450778
3430,4,0,ready to move,apartment,92400000,6.35E+07,28903592
1478,2,1,under construction,apartment,9605000,2.44E+07,-14797086
1946,3,1,under construction,apartment,38900000,3.48E+07,4129028
6251,5,0,ready to move,villa,141900000,1.10E+08,31449032
1440,3,1,under construction,apartment,8581000,2.97E+07,-21096576
3106,4,0,ready to move,apartment,65100000,5.67E+07,8363216
1930,3,0,ready to move,apartment,16500000,3.13E+07,-14840928
854,2,0,ready to move,plot,4500000,1.69E+07,-12435972
7361,4,0,ready to move,apartment,547000000,1.77E+08,369917184
3841,0,1,new,plot,31500000,3.15E+07,4724
2300,4,0,ready to move,plot,26000000,3.12E+07,-5214912
2597,4,1,under construction,apartment,52600000,6.16E+07,-8984364
1055,2,1,under construction,apartment,12600000,2.03E+07,-7746492
2300,4,0,ready to move,apartment,25500000,3.75E+07,-12029468
1130,0,0,new,plot,3100000,1.82E+07,-15138938
2047,3,0,ready to move,apartment,49600000,3.22E+07,17411650
1100,2,1,under construction,apartment,2400000,2.08E+07,-18377946
1310,2,1,under construction,apartment,26200000,2.28E+07,3408646
2800,4,0,ready to move,apartment,51800000,5.00E+07,1830492
1955,3,1,under construction,apartment,23500000,3.49E+07,-11383112
373,1,0,ready to move,apartment,5968000,1.04E+07,-4399596
2200,4,0,ready to move,floor,24800000,3.07E+07,-5910720
1751,3,0,ready to move,apartment,13400000,3.00E+07,-16644444
9000,5,0,ready to move,apartment,198000000,2.15E+08,-17336768
2380,3,1,under construction,apartment,42800000,4.37E+07,-903276
2835,4,1,under construction,apartment,16000000,6.27E+07,-46690920
1128,3,1,under construction,apartment,16500000,2.66E+07,-10067448
215,1,0,ready to move,apartment,900000,9.05E+06,-8149800
2080,3,1,under construction,apartment,30900000,3.64E+07,-5451324
152,0,1,new,plot,12100000,9.38E+06,2722876
1503,2,1,under construction,apartment,9200000,2.46E+07,-15441780
2055,4,1,under construction,apartment,452100000,5.67E+07,395417472
2000,3,0,ready to move,floor,40000000,2.60E+07,13957184
2352,4,0,ready to move,apartment,19600000,3.85E+07,-18923264
1800,3,0,ready to move,plot,20000000,2.55E+07,-5510980
790,0,0,new,plot,2150000,1.53E+07,-13184334
3750,4,0,ready to move,apartment,67500000,6.82E+07,-722360
2780,4,0,ready to move,apartment,17500000,4.95E+07,-32009896
1900,3,0,ready to move,apartment,10600000,3.11E+07,-20523632
2200,3,1,under construction,apartment,28600000,3.95E+07,-10868208
2000,3,1,under construction,apartment,15500000,3.54E+07,-19913408
4100,5,1,under construction,apartment,67600000,8.11E+07,-13519720
1103,2,1,under construction,apartment,9304000,2.08E+07,-11502702
1187,2,0,ready to move,apartment,17500000,2.18E+07,-4275822
2360,3,1,under construction,apartment,37700000,4.33E+07,-5596748
640,3,0,under construction,plot,4900000,1.94E+07,-14548596
3600,4,0,ready to move,plot,25700000,3.82E+07,-12507820
2040,3,1,under construction,apartment,15000000,3.59E+07,-20882480
1750,2,1,under construction,apartment,35000000,2.70E+07,7992922
2271,3,1,under construction,apartment,36300000,4.14E+07,-5092932
2298,4,1,under construction,apartment,45900000,5.96E+07,-13675208
12613,4,1,under construction,house,208100000,2.29E+08,-20438096
1558,4,1,under construction,apartment,25100000,4.15E+07,-16441124
1975,3,1,under construction,apartment,34100000,3.51E+07,-1024816
4518,4,0,ready to move,apartment,40000000,7.48E+07,-34821856
6450,5,0,ready to move,apartment,70300000,1.17E+08,-47141816
1869,3,0,ready to move,apartment,37500000,3.09E+07,6600888
1751,3,0,ready to move,apartment,17500000,3.00E+07,-12544444
1900,3,0,ready to move,apartment,10600000,3.11E+07,-20523632
1611,3,1,under construction,floor,16900000,2.19E+07,-5030568
2600,3,0,ready to move,apartment,25000000,3.79E+07,-12932760
2260,0,0,new,plot,32600000,2.79E+07,4707500
1388,3,1,under construction,apartment,29500000,2.92E+07,340774
1859,3,0,ready to move,apartment,16500000,3.08E+07,-14326670
3150,4,0,ready to move,apartment,34600000,5.77E+07,-23100176
2423,4,0,ready to move,apartment,19800000,4.04E+07,-20562160
3454,3,0,ready to move,apartment,37600000,6.05E+07,-22905072
634,2,1,under construction,apartment,2600000,1.64E+07,-13797902
4500,5,0,ready to move,apartment,85100000,7.58E+07,9270624
2300,4,0,ready to move,floor,30000000,3.16E+07,-1571126
2050,3,0,ready to move,apartment,15200000,3.22E+07,-17010086
1801,3,0,ready to move,plot,14500000,2.55E+07,-11017262
1121,3,0,ready to move,apartment,23300000,2.53E+07,-1985832
2538,3,1,under construction,apartment,50700000,4.70E+07,3718756
3975,4,1,under construction,apartment,47500000,7.13E+07,-23787928
2336,4,0,ready to move,apartment,29500000,3.81E+07,-8606632
1751,4,1,under construction,apartment,65500000,4.75E+07,18024640
1433,2,0,ready to move,apartment,31600000,2.39E+07,7704592
4518,5,0,ready to move,floor,70000000,5.98E+07,10226696
2283,5,1,under construction,apartment,37600000,6.33E+07,-25740296
1296,0,0,new,plot,8650000,1.97E+07,-11007086
3240,1,0,resale,plot,60000000,6.04E+07,-410072
1800,3,0,ready to move,floor,22000000,2.44E+07,-2381284
1825,3,1,under construction,apartment,26000000,3.35E+07,-7521838
4038,4,1,under construction,apartment,74900000,7.22E+07,2693568
2700,4,0,ready to move,floor,22500000,3.49E+07,-12423272
2072,3,0,ready to move,apartment,40000000,3.24E+07,7630576
3100,4,1,under construction,apartment,51100000,6.39E+07,-12823012
2250,3,1,under construction,apartment,45000000,4.08E+07,4176356
2433,3,0,ready to move,apartment,39100000,3.55E+07,3584080
2500,4,0,ready to move,plot,25000000,3.25E+07,-7480604
4250,5,0,ready to move,apartment,80400000,7.41E+07,6271904
2450,4,0,ready to move,apartment,29500000,4.11E+07,-11558492
2597,4,1,under construction,apartment,52600000,6.16E+07,-8984364
2000,3,0,ready to move,plot,23000000,2.68E+07,-3766568
4366,4,0,ready to move,apartment,96000000,7.38E+07,22187504
2700,3,0,ready to move,apartment,12500000,4.13E+07,-28750204
2579,3,0,ready to move,apartment,14600000,3.72E+07,-22636104
2122,3,0,ready to move,apartment,21200000,3.27E+07,-11531576
3000,4,1,under construction,apartment,67500000,6.35E+07,4041924
3762,4,1,under construction,apartment,60700000,6.86E+07,-7945464
1250,1,1,under construction,apartment,27500000,1.70E+07,10456578
3980,3,0,ready to move,apartment,49700000,7.00E+07,-20293704
4690,4,0,ready to move,apartment,125000000,7.58E+07,49155696
3548,3,0,ready to move,apartment,56700000,6.31E+07,-6373360
9897,5,0,ready to move,apartment,212700000,2.53E+08,-40553456
1467,0,0,new,plot,19200000,2.11E+07,-1917932
1055,2,1,under construction,apartment,12600000,2.03E+07,-7746492
2092,3,0,ready to move,apartment,16000000,3.25E+07,-16514290
1841,4,0,ready to move,apartment,37100000,3.37E+07,3442624
2528,3,1,under construction,apartment,50500000,4.67E+07,3754872
1811,3,0,ready to move,apartment,25600000,3.05E+07,-4879016
1976,3,1,under construction,apartment,39500000,3.51E+07,4363656
3243,4,1,under construction,apartment,60100000,6.46E+07,-4487876
1457,2,1,under construction,apartment,10500000,2.42E+07,-13700744
2001,3,0,ready to move,apartment,11200000,3.19E+07,-20655178
5492,4,0,ready to move,apartment,120800000,8.99E+07,30941008
4632,4,0,ready to move,apartment,33100000,7.55E+07,-42399520
2230,2,0,ready to move,apartment,49000000,2.98E+07,19187816
1270,2,0,ready to move,apartment,8900000,2.25E+07,-13602568
4500,0,0,new,plot,26200000,5.85E+07,-32275984
990,2,0,ready to move,apartment,19900000,2.00E+07,-140068
4500,4,0,ready to move,plot,55000000,5.22E+07,2813528
1550,2,0,ready to move,plot,18500000,2.17E+07,-3243770
2120,3,0,ready to move,apartment,12500000,3.27E+07,-20217088
2382,3,0,ready to move,apartment,38100000,3.50E+07,3089224
1665,3,1,under construction,apartment,24200000,3.19E+07,-7720460
1224,2,1,under construction,apartment,7832000,2.20E+07,-14134818
9198,0,0,resale,plot,269900000,1.12E+08,157413608
2850,4,0,ready to move,plot,16000000,3.42E+07,-18223912
1700,3,1,under construction,apartment,34000000,3.23E+07,1730642
4054,4,1,under construction,apartment,75200000,7.25E+07,2742712
645,2,0,ready to move,apartment,5000000,1.70E+07,-12000278
3791,4,0,ready to move,apartment,56200000,6.88E+07,-12565936
1046,2,0,ready to move,apartment,12700000,2.05E+07,-7833480
1845,3,1,under construction,apartment,25700000,3.37E+07,-8022576
1800,3,0,ready to move,plot,15000000,2.55E+07,-10510980
3150,3,0,ready to move,apartment,53500000,5.36E+07,-70608
1691,3,0,ready to move,apartment,23900000,2.96E+07,-5709868
1665,3,1,under construction,apartment,366300000,3.19E+07,334379540
3106,4,1,under construction,apartment,65000000,6.40E+07,1049092
1359,3,1,under construction,apartment,28900000,2.89E+07,29860
3505,4,1,under construction,apartment,67400000,6.58E+07,1593976
2072,3,0,ready to move,apartment,40000000,3.24E+07,7630576
2100,3,0,ready to move,apartment,27700000,3.26E+07,-4872234
2071,3,1,under construction,apartment,23200000,3.62E+07,-13046016
2673,3,0,ready to move,apartment,101500000,4.04E+07,61145504
1711,3,1,under construction,apartment,15000000,3.24E+07,-17379008
2422,3,1,under construction,floor,42500000,2.78E+07,14739742
1263,2,0,ready to move,apartment,25500000,2.24E+07,3057242
2553,4,1,under construction,apartment,28700000,6.14E+07,-32679784
1900,3,0,ready to move,floor,27500000,2.52E+07,2287950
1657,4,0,ready to move,apartment,34400000,3.25E+07,1859790
750,2,0,ready to move,apartment,4800000,1.79E+07,-13125436
2134,3,0,ready to move,apartment,59400000,3.28E+07,26581506
1818,3,0,ready to move,apartment,19200000,3.05E+07,-11329712
1389,3,0,ready to move,apartment,18700000,2.74E+07,-8722500
1100,3,0,ready to move,floor,3600000,1.84E+07,-14826178
5850,12,0,ready to move,plot,35000000,6.25E+07,-27463924
1762,3,0,ready to move,apartment,9400000,3.01E+07,-20724106
3650,4,0,ready to move,apartment,65700000,6.69E+07,-1196552
3280,4,0,ready to move,plot,52000000,3.62E+07,15804032
8521,5,0,ready to move,villa,285400000,1.28E+08,157517288
2250,3,0,ready to move,floor,21600000,2.80E+07,-6404536
1811,3,0,ready to move,apartment,25600000,3.05E+07,-4879016
1855,3,0,ready to move,apartment,38500000,3.08E+07,7702296
1180,3,0,ready to move,apartment,12100000,2.58E+07,-13704686
2367,3,0,ready to move,plot,15500000,2.91E+07,-13570588
1806,3,1,under construction,apartment,36600000,3.33E+07,3268860
3005,4,0,ready to move,apartment,35700000,5.45E+07,-18792584
1800,3,1,under construction,apartment,24500000,3.33E+07,-8770918
1800,3,0,ready to move,plot,15000000,2.55E+07,-10510980
2892,3,1,under construction,apartment,123500000,5.27E+07,70842600
1500,3,1,under construction,apartment,18500000,3.03E+07,-11775680
2585,3,0,ready to move,apartment,20600000,3.74E+07,-16835152
4128,4,1,under construction,apartment,76600000,7.36E+07,3033280
1800,3,0,ready to move,apartment,28000000,3.04E+07,-2399344
911,2,1,under construction,floor,5000000,1.06E+07,-5604658
1440,3,1,under construction,apartment,14400000,2.97E+07,-15277576
1595,3,1,under construction,apartment,11200000,3.12E+07,-20022678
3469,3,0,ready to move,apartment,37800000,6.09E+07,-23114904
900,0,0,resale,plot,2400000,2.76E+07,-25154360
2003,3,1,under construction,apartment,16400000,3.54E+07,-19048580
3240,4,0,ready to move,floor,31900000,3.89E+07,-6973888
1450,3,0,ready to move,apartment,15500000,2.79E+07,-12364314
616,2,1,under construction,apartment,2514000,1.62E+07,-13715938
3859,6,1,new,plot,54800000,5.67E+07,-1913704
4022,4,0,ready to move,apartment,152700000,7.12E+07,81460080
645,3,1,under construction,apartment,2322000,2.19E+07,-19541994
1500,3,0,ready to move,floor,19500000,2.19E+07,-2388966
3500,4,0,ready to move,apartment,35000000,6.47E+07,-29717060
1951,4,0,ready to move,apartment,23800000,3.44E+07,-10583412
1150,2,1,under construction,floor,15000000,1.28E+07,2229666
1600,2,0,ready to move,apartment,14500000,2.53E+07,-10780406
1631,2,0,ready to move,apartment,34200000,2.55E+07,8699836
1496,3,1,under construction,apartment,13400000,3.02E+07,-16835802
5900,4,0,ready to move,villa,82600000,1.06E+08,-23389456
645,3,1,under construction,apartment,2630000,2.19E+07,-19233994
6458,0,0,new,plot,288000000,1.19E+08,168653376
2100,4,1,under construction,apartment,462000000,5.75E+07,404524024
4972,5,0,ready to move,villa,143800000,9.08E+07,52953696
1902,3,1,under construction,apartment,28000000,3.43E+07,-6294680
1816,3,0,ready to move,apartment,11000000,3.05E+07,-19515236
3395,4,0,ready to move,apartment,68000000,6.28E+07,5202872
3395,4,0,ready to move,apartment,56000000,6.28E+07,-6797128
4210,4,0,ready to move,apartment,32900000,7.27E+07,-39847616
5082,4,1,under construction,apartment,94300000,9.62E+07,-1932904
3500,4,1,under construction,floor,57500000,4.60E+07,11486492
3350,3,0,ready to move,apartment,67400000,5.81E+07,9264984
1001,0,1,new,plot,8230000,1.62E+07,-7986840
2060,3,0,ready to move,apartment,28000000,3.23E+07,-4282516
3156,4,0,ready to move,floor,65000000,3.84E+07,26618616
1726,4,1,under construction,apartment,52000000,4.66E+07,5375756
2000,3,1,under construction,apartment,26800000,3.54E+07,-8613408
5521,4,0,ready to move,villa,325500000,9.94E+07,226094096
3909,3,0,ready to move,apartment,85900000,6.94E+07,16539568
2300,4,0,ready to move,apartment,29900000,3.75E+07,-7629468
3834,99,0,new,plot,23400000,4.94E+07,-25996732
1654,4,0,ready to move,apartment,16400000,3.25E+07,-16118456
4128,4,1,under construction,apartment,76600000,7.36E+07,3033280
3850,4,0,under construction,plot,48200000,4.44E+07,3757676
1638,3,1,under construction,apartment,69900000,3.17E+07,38248682
3147,4,0,ready to move,villa,69900000,6.26E+07,7324036
621,2,1,under construction,apartment,2483000,1.63E+07,-13793588
2290,3,1,under construction,apartment,42500000,4.19E+07,626104
3240,1,0,resale,plot,39600000,6.04E+07,-20810072
4612,4,0,ready to move,house,55000000,7.67E+07,-21702088
6260,6,0,ready to move,apartment,118300000,1.07E+08,11008720
581,2,1,under construction,apartment,2374000,1.59E+07,-13529324
2685,3,0,ready to move,apartment,65100000,4.08E+07,24347412
1630,3,1,under construction,apartment,24400000,3.16E+07,-7171564
2660,3,0,ready to move,apartment,27000000,3.99E+07,-12923236
1222,2,0,ready to move,apartment,9776000,2.21E+07,-12308206
1815,3,0,ready to move,apartment,18900000,3.05E+07,-11607986
2100,3,0,ready to move,apartment,24500000,3.26E+07,-8072234
11000,6,1,under construction,apartment,346500000,1.79E+08,167131728
4100,5,1,under construction,apartment,67600000,8.11E+07,-13519720
4338,0,0,resale,plot,118100000,7.22E+07,45911992
1465,2,0,ready to move,apartment,7691000,2.42E+07,-16477842
4400,4,0,ready to move,apartment,56000000,7.40E+07,-18044576
1390,2,0,ready to move,apartment,28000000,2.35E+07,4472030
2700,0,0,resale,plot,45000000,4.20E+07,3010276
613,2,1,under construction,apartment,2492000,1.62E+07,-13709934
1632,3,0,ready to move,apartment,39900000,2.92E+07,10717476
2434,4,1,under construction,apartment,41800000,6.06E+07,-18809292
2800,4,0,ready to move,floor,24900000,3.57E+07,-10806532
2300,2,0,ready to move,apartment,53900000,3.03E+07,23583174
1993,3,1,under construction,apartment,44000000,3.53E+07,8667544
1692,2,1,under construction,apartment,29000000,2.65E+07,2545452
1186,2,1,under construction,apartment,9900000,2.16E+07,-11702488
5310,4,0,ready to move,apartment,116800000,8.54E+07,31354320
1602,0,0,new,plot,11500000,2.23E+07,-10771220
2366,3,0,ready to move,apartment,21300000,3.49E+07,-13552304
600,2,0,ready to move,apartment,4000000,1.66E+07,-12603794
2700,4,0,ready to move,plot,17000000,3.35E+07,-16493188
1692,2,0,ready to move,apartment,37900000,2.59E+07,11966388
7452,5,1,under construction,apartment,138300000,1.48E+08,-9399984
3756,3,0,ready to move,apartment,82600000,6.72E+07,15386888
512,2,1,under construction,apartment,2048000,1.53E+07,-13211434
4500,4,0,ready to move,floor,68500000,5.71E+07,11416008
1305,3,1,under construction,floor,16900000,1.92E+07,-2257766
1963,3,0,ready to move,apartment,8500000,3.16E+07,-23079950
2400,4,0,ready to move,apartment,25500000,3.98E+07,-14268980
1951,4,0,ready to move,apartment,23800000,3.44E+07,-10583412
2583,4,1,under construction,apartment,13000000,6.15E+07,-48519272
3363,3,0,ready to move,apartment,73900000,5.84E+07,15480304
1575,2,0,ready to move,apartment,27100000,2.51E+07,1996806
1340,2,0,ready to move,apartment,14500000,2.31E+07,-8600720
356,1,1,under construction,apartment,1446000,8.77E+06,-7322118
900,0,0,new,plot,2700000,1.63E+07,-13574058
3548,3,0,ready to move,apartment,56700000,6.31E+07,-6373360
3470,4,0,ready to move,apartment,37000000,6.43E+07,-27257040
4000,4,0,ready to move,apartment,75000000,7.10E+07,3978896
690,2,0,ready to move,apartment,5500000,1.74E+07,-11896782
2054,3,0,ready to move,apartment,45400000,3.22E+07,13160948
1000,3,1,under construction,apartment,18000000,2.53E+07,-7299670
1431,0,1,new,plot,13000000,1.86E+07,-5622088
2229,4,1,under construction,apartment,95200000,5.90E+07,36227920
1534,2,0,ready to move,apartment,14000000,2.48E+07,-10759052
7021,4,0,ready to move,apartment,138400000,1.57E+08,-18260192
1420,2,1,under construction,apartment,20900000,2.38E+07,-2945998
1915,2,0,ready to move,apartment,14300000,2.75E+07,-13241280
1359,2,1,under construction,apartment,8600000,2.33E+07,-14661156
1763,3,0,ready to move,apartment,13200000,3.01E+07,-16931356
1098,0,0,new,plot,7929000,1.80E+07,-10036574
1950,4,0,ready to move,apartment,20000000,3.44E+07,-14375464
1611,0,1,new,plot,25700000,1.96E+07,6081018
2290,3,0,ready to move,apartment,28500000,3.41E+07,-5599540
1870,3,0,ready to move,apartment,10000000,3.09E+07,-20906348
3100,4,0,ready to move,apartment,49000000,5.66E+07,-7605416
1951,4,0,ready to move,apartment,23800000,3.44E+07,-10583412
2037,3,1,under construction,apartment,28400000,3.58E+07,-7447300
2913,4,1,under construction,apartment,50100000,6.31E+07,-12953572
1640,3,0,ready to move,apartment,20200000,2.92E+07,-9040468
3525,3,1,under construction,apartment,95100000,6.04E+07,34741884
3100,4,1,under construction,apartment,53700000,6.39E+07,-10223012
2500,4,1,under construction,floor,35000000,3.25E+07,2543704
1260,6,0,resale,plot,11400000,4.47E+07,-33314324
1741,2,0,ready to move,apartment,16500000,2.63E+07,-9786864
3950,4,1,under construction,apartment,70000000,7.10E+07,-979936
2700,3,1,under construction,apartment,54000000,4.98E+07,4178036
563,2,1,under construction,apartment,2253000,1.57E+07,-13482354
3297,4,0,ready to move,apartment,57600000,6.09E+07,-3314764
1593,3,1,under construction,apartment,21100000,3.12E+07,-10102736
1380,2,1,under construction,apartment,10500000,2.35E+07,-12962490
2000,3,0,ready to move,floor,16500000,2.60E+07,-9542816
1186,2,1,under construction,apartment,11000000,2.16E+07,-10602488
2549,3,1,under construction,apartment,35000000,4.72E+07,-12240968
3000,4,0,ready to move,floor,45000000,3.73E+07,7726956
2527,3,0,ready to move,apartment,40400000,3.64E+07,3953024
1620,0,0,new,plot,22100000,2.24E+07,-325004
1889,3,1,under construction,apartment,12100000,3.42E+07,-22064200
6525,4,0,ready to move,apartment,59000000,1.25E+08,-65807816
1773,3,1,under construction,floor,18500000,2.34E+07,-4898516
1300,2,0,ready to move,apartment,12500000,2.28E+07,-10258918
1716,3,0,ready to move,apartment,13700000,2.98E+07,-16090944
2422,3,0,ready to move,apartment,39900000,3.54E+07,4493032
578,2,1,under construction,apartment,2363000,1.59E+07,-13512332
7000,4,0,ready to move,penthouse,75000000,7.45E+07,534408
2160,3,0,ready to move,plot,17000000,2.78E+07,-10771048
1935,3,0,ready to move,floor,16500000,2.55E+07,-9002822
2010,4,0,ready to move,apartment,28500000,3.49E+07,-6351676
2450,3,0,ready to move,apartment,35000000,3.57E+07,-684304
1946,3,1,under construction,apartment,19500000,3.48E+07,-15270972
1251,0,0,new,plot,14500000,1.93E+07,-4772650
2100,0,0,new,plot,32600000,2.65E+07,6074372
6353,4,1,under construction,apartment,127000000,1.28E+08,-684480
1530,0,0,resale,plot,18700000,3.31E+07,-14404976
2244,3,0,ready to move,apartment,14500000,3.36E+07,-19143920
2800,3,1,under construction,apartment,46200000,5.13E+07,-5098760
4500,4,0,ready to move,floor,55000000,5.71E+07,-2083992
1130,0,1,new,plot,9602000,1.70E+07,-7353054
1665,3,0,ready to move,apartment,9324000,2.94E+07,-20097548
1171,2,1,under construction,apartment,18400000,2.15E+07,-3058672
1980,3,0,ready to move,apartment,17500000,3.17E+07,-14203076
1050,2,1,under construction,apartment,12000000,2.03E+07,-8298560
3065,4,0,ready to move,apartment,54500000,5.57E+07,-1248976
2125,3,0,ready to move,apartment,38200000,3.28E+07,5446688
1371,3,1,under construction,apartment,13000000,2.90E+07,-15989760
2100,4,0,ready to move,apartment,15500000,3.56E+07,-20065984
2250,3,0,ready to move,apartment,37500000,3.37E+07,3796656
4243,4,0,ready to move,apartment,72100000,7.30E+07,-872880
1431,0,1,new,plot,15100000,1.86E+07,-3522088
703,2,0,ready to move,apartment,3700000,1.75E+07,-13811314
1000,1,1,under construction,apartment,22000000,1.47E+07,7263478
1082,3,1,under construction,apartment,5560000,2.61E+07,-20548904
4581,4,0,ready to move,apartment,100700000,7.52E+07,25503648
1251,3,0,under construction,plot,8300000,2.41E+07,-15830988
1975,3,1,under construction,apartment,39500000,3.51E+07,4375184
1750,3,1,under construction,apartment,23400000,3.28E+07,-9369070
1067,2,0,ready to move,apartment,17000000,2.07E+07,-3718510
2336,3,1,under construction,apartment,50500000,4.28E+07,7691080
1000,2,0,ready to move,floor,4000000,1.36E+07,-9608318
2507,3,0,ready to move,apartment,31000000,3.62E+07,-5248880
1000,3,0,ready to move,plot,3411000,2.06E+07,-17153946
900,2,0,ready to move,plot,3200000,1.73E+07,-14078672
1306,3,1,under construction,apartment,20200000,2.83E+07,-8141816
2040,3,1,under construction,apartment,34600000,3.59E+07,-1282480
2600,4,0,ready to move,apartment,36400000,4.49E+07,-8527016
1075,2,0,ready to move,apartment,8500000,2.08E+07,-12288998
1647,0,0,resale,plot,41100000,3.41E+07,7033780
2000,3,0,ready to move,apartment,43200000,3.18E+07,11352064
2985,3,0,ready to move,apartment,44700000,5.00E+07,-5296084
2777,3,1,under construction,apartment,49900000,5.10E+07,-1059096
3541,4,0,ready to move,apartment,134400000,6.53E+07,69054240
1308,3,1,under construction,apartment,30700000,2.84E+07,2338248
1800,3,1,under construction,apartment,43900000,3.33E+07,10629082
1700,3,0,ready to move,floor,18000000,2.36E+07,-5550504
6353,4,1,under construction,apartment,127000000,1.28E+08,-684480
3240,4,0,ready to move,floor,35000000,3.89E+07,-3873888
1044,2,0,ready to move,apartment,21000000,2.05E+07,484150
5800,5,0,ready to move,apartment,110100000,9.93E+07,10795912
1516,2,0,ready to move,apartment,26900000,2.46E+07,2295368
1593,3,0,ready to move,apartment,20700000,2.89E+07,-8200044
1197,0,1,new,plot,11300000,1.73E+07,-6026124
2810,3,0,ready to move,apartment,53100000,4.49E+07,8200624
1900,4,1,under construction,apartment,40400000,5.24E+07,-12048512
1300,2,1,under construction,apartment,286000000,2.27E+07,263304524
6000,4,0,ready to move,apartment,96000000,1.05E+08,-9158568
2047,3,0,ready to move,apartment,32900000,3.22E+07,711650
9198,3,0,resale,plot,145000000,1.20E+08,25312088
2065,6,0,ready to move,plot,9000000,3.32E+07,-24232730
1138,2,1,under construction,apartment,13600000,2.11E+07,-7542270
1800,3,0,ready to move,apartment,28000000,3.04E+07,-2399344
2800,4,0,ready to move,plot,23500000,3.40E+07,-10480336
2246,2,0,ready to move,apartment,85200000,2.99E+07,55272464
2510,4,1,under construction,apartment,50200000,6.12E+07,-10979864
4950,5,0,ready to move,apartment,53900000,8.04E+07,-26472128
2900,3,1,under construction,apartment,36000000,5.28E+07,-16775544
2305,3,0,ready to move,apartment,38000000,3.42E+07,3751892
1423,2,1,under construction,apartment,10900000,2.39E+07,-12974758
2766,3,1,under construction,apartment,45600000,5.08E+07,-5196644
3229,0,1,new,plot,19700000,2.83E+07,-8552324
1040,2,0,ready to move,apartment,7000000,2.05E+07,-13480614
4100,5,1,under construction,apartment,67600000,8.11E+07,-13519720
1264,2,0,ready to move,apartment,9699000,2.25E+07,-12752300
8550,6,0,ready to move,apartment,110000000,1.73E+08,-62935808
1806,3,1,under construction,apartment,36600000,3.33E+07,3268860
1575,3,0,ready to move,apartment,16200000,2.88E+07,-12569684
3200,4,1,under construction,apartment,35000000,6.44E+07,-29387956
2080,3,1,under construction,apartment,41600000,3.64E+07,5248676
3150,0,0,new,plot,45300000,3.52E+07,10059832
4500,3,0,resale,plot,120000000,7.94E+07,40589200
2250,3,0,ready to move,apartment,25000000,3.37E+07,-8703344
5893,99,0,new,plot,34000000,5.01E+07,-16087144
1150,2,0,ready to move,floor,10000000,1.49E+07,-4941868
2368,3,0,ready to move,apartment,24500000,3.49E+07,-10372112
1605,3,0,ready to move,floor,19500000,2.28E+07,-3261274
2122,3,1,under construction,apartment,13100000,3.74E+07,-24253712
5816,5,0,ready to move,villa,112800000,1.05E+08,7441200
1692,3,1,under construction,apartment,19500000,3.22E+07,-12689606
630,0,0,new,plot,678000,1.40E+07,-13289456
4650,4,0,ready to move,apartment,33500000,7.56E+07,-42106528
2290,3,1,under construction,apartment,42500000,4.19E+07,626104
2750,3,1,under construction,apartment,28000000,5.06E+07,-22560360
1552,4,1,under construction,apartment,33000000,4.14E+07,-8364368
900,3,0,ready to move,apartment,6000000,2.33E+07,-17342328
1811,3,0,ready to move,apartment,25600000,3.05E+07,-4879016
1610,0,0,new,plot,16500000,2.23E+07,-5839564
3865,4,0,ready to move,apartment,62100000,6.96E+07,-7545840
1816,3,0,ready to move,apartment,11000000,3.05E+07,-19515236
1558,4,1,under construction,apartment,25100000,4.15E+07,-16441124
2300,4,0,ready to move,floor,16100000,3.16E+07,-15471126
3415,4,1,under construction,apartment,76800000,6.54E+07,11412432
2300,4,0,ready to move,apartment,29900000,3.75E+07,-7629468
450,0,0,resale,plot,1250000,2.34E+07,-22165648
2781,3,0,ready to move,apartment,51400000,4.39E+07,7462680
1390,2,0,ready to move,apartment,16900000,2.35E+07,-6627970
1950,3,0,ready to move,apartment,17000000,3.15E+07,-14485792
1767,3,0,ready to move,apartment,12900000,3.02E+07,-17260332
4015,3,0,ready to move,apartment,88300000,7.03E+07,17994112
1125,2,0,ready to move,apartment,4800000,2.12E+07,-16429540
2553,4,1,under construction,apartment,28700000,6.14E+07,-32679784
1200,2,1,under construction,apartment,7678000,2.17E+07,-14058714
2408,3,1,under construction,apartment,28800000,4.43E+07,-15472416
6824,5,0,ready to move,villa,115200000,1.16E+08,-874720
3978,4,1,under construction,apartment,79900000,7.13E+07,8575112
1995,3,0,ready to move,apartment,19000000,3.18E+07,-12811720
2070,3,1,under construction,floor,22500000,2.57E+07,-3225712
1890,3,0,ready to move,apartment,16800000,3.11E+07,-14251214
1750,3,0,ready to move,apartment,32000000,3.00E+07,1962800
1250,3,1,under construction,apartment,9544000,2.78E+07,-18239588
2597,4,1,under construction,apartment,33600000,6.16E+07,-27984364
2800,4,1,under construction,apartment,36400000,6.25E+07,-26128196
1262,3,1,under construction,apartment,11800000,2.79E+07,-16103212
2350,4,0,ready to move,floor,21500000,3.20E+07,-10508224
2403,3,1,under construction,floor,36000000,2.77E+07,8349564
2400,4,0,ready to move,plot,29000000,3.18E+07,-2847760
4518,0,0,new,plot,26300000,5.88E+07,-32530320
9000,5,0,ready to move,plot,140000000,9.86E+07,41444608
1600,3,0,ready to move,plot,12000000,2.43E+07,-12259760
1776,3,0,ready to move,apartment,18200000,3.02E+07,-12025518
16500,6,0,ready to move,apartment,1226300000,3.79E+08,847530784
1975,3,1,under construction,apartment,39500000,3.51E+07,4375184
2553,4,1,under construction,apartment,28700000,6.14E+07,-32679784
2107,3,0,ready to move,apartment,34700000,3.26E+07,2077072
1829,3,0,ready to move,apartment,36900000,3.06E+07,6290612
1450,2,0,ready to move,apartment,5200000,2.40E+07,-18840666
4430,4,1,under construction,apartment,88600000,8.03E+07,8314584
6521,5,0,ready to move,villa,325600000,1.13E+08,212524368
1440,3,1,under construction,apartment,10900000,2.97E+07,-18777576
1450,2,1,under construction,apartment,9278000,2.41E+07,-14855630
1593,3,0,ready to move,apartment,18400000,2.89E+07,-10500044
1503,0,0,new,plot,20500000,2.14E+07,-925478
2300,3,0,ready to move,plot,18500000,2.86E+07,-10149972
2599,4,0,ready to move,apartment,31700000,4.49E+07,-13201232
2700,3,0,ready to move,floor,9000000,3.13E+07,-22322038
1967,3,1,under construction,apartment,39300000,3.50E+07,4267476
3843,3,0,ready to move,apartment,84500000,6.87E+07,15800456
1130,114,1,new,plot,37600000,4.87E+07,-11070904
3900,4,0,ready to move,apartment,44000000,7.00E+07,-26002400
4140,4,1,under construction,apartment,66800000,7.37E+07,-6940816
2898,4,1,under construction,floor,46500000,3.50E+07,11466112
2717,4,1,under construction,apartment,44800000,6.21E+07,-17342296
3240,1,0,resale,plot,43200000,6.04E+07,-17210072
2336,3,1,under construction,apartment,50500000,4.28E+07,7691080
1689,3,0,ready to move,apartment,22700000,2.96E+07,-6895372
3560,4,0,ready to move,apartment,23200000,6.56E+07,-42437112
7582,5,1,under construction,apartment,140700000,1.51E+08,-9983600
2100,4,0,ready to move,floor,19900000,2.99E+07,-9958544
2945,4,1,under construction,apartment,66200000,6.32E+07,2997640
6521,4,0,ready to move,floor,125400000,9.66E+07,28808544
1374,3,1,under construction,apartment,29200000,2.90E+07,180332
2620,4,1,under construction,apartment,70900000,6.17E+07,9208704
810,2,0,ready to move,apartment,4850000,1.85E+07,-13604088
2285,3,0,ready to move,apartment,31000000,3.41E+07,-3050016
2217,3,1,under construction,apartment,24900000,3.99E+07,-15029056
1266,2,1,under construction,apartment,5999000,2.24E+07,-16370498
1946,3,1,under construction,apartment,33600000,3.48E+07,-1170972
3428,4,0,ready to move,apartment,50800000,6.35E+07,-12654488
3756,3,0,ready to move,apartment,82600000,6.72E+07,15386888
4500,4,0,ready to move,apartment,40000000,7.47E+07,-34714864
1376,3,0,ready to move,apartment,16800000,2.73E+07,-10528336
1975,3,1,under construction,apartment,34100000,3.51E+07,-1024816
1806,3,1,under construction,apartment,36600000,3.33E+07,3268860
1372,3,1,under construction,apartment,29200000,2.90E+07,200268
1811,3,0,ready to move,apartment,25600000,3.05E+07,-4879016
500,0,0,new,plot,27500000,1.29E+07,14643122
2217,3,0,ready to move,apartment,31000000,3.34E+07,-2419656
2595,3,0,ready to move,apartment,59300000,3.78E+07,21533104
1797,4,1,under construction,apartment,34800000,4.90E+07,-14226484
1180,3,1,under construction,apartment,10900000,2.71E+07,-16185804
2290,3,1,under construction,apartment,34000000,4.19E+07,-7873896
750,2,0,ready to move,apartment,6600000,1.79E+07,-11325436
1717,3,0,ready to move,apartment,25000000,2.98E+07,-4798184
2441,3,0,ready to move,apartment,39000000,3.56E+07,3404840
4307,4,0,ready to move,apartment,63400000,7.34E+07,-10009752
6716,4,0,ready to move,apartment,75700000,1.34E+08,-57835272
3200,4,0,ready to move,floor,32500000,3.87E+07,-6156148
1770,3,0,ready to move,apartment,14500000,3.02E+07,-15682054
2945,4,1,under construction,apartment,66200000,6.32E+07,2997640
3802,5,1,under construction,apartment,62700000,7.72E+07,-14474512
1997,3,0,ready to move,apartment,19900000,3.18E+07,-11926210
1611,3,1,under construction,floor,21500000,2.19E+07,-430568
1521,0,1,new,plot,24200000,1.91E+07,5079468
2003,3,0,ready to move,apartment,12500000,3.19E+07,-19369662
3850,4,1,under construction,apartment,63500000,6.97E+07,-6243472
1960,3,0,ready to move,apartment,58600000,3.16E+07,27041782
2343,3,0,ready to move,apartment,35500000,3.46E+07,875504
4430,4,1,under construction,apartment,88600000,8.03E+07,8314584
2550,4,0,ready to move,apartment,43400000,4.36E+07,-237512
1359,2,1,under construction,apartment,8980000,2.33E+07,-14281156
1457,2,1,under construction,apartment,10500000,2.42E+07,-13700744
2085,4,0,ready to move,apartment,18500000,3.54E+07,-16946936
2150,3,1,under construction,apartment,24000000,3.81E+07,-14112768
1370,3,0,ready to move,apartment,27600000,2.73E+07,315124
2900,3,0,ready to move,apartment,43500000,4.78E+07,-4294216
1496,3,1,under construction,apartment,19400000,3.02E+07,-10835802
3150,4,1,under construction,apartment,43000000,6.42E+07,-21155480
2180,4,1,under construction,apartment,28200000,5.85E+07,-30313804
1611,0,0,new,plot,23200000,2.23E+07,851894
5977,4,0,ready to move,apartment,95600000,1.05E+08,-8903280
1902,3,1,under construction,apartment,28000000,3.43E+07,-6294680
2215,3,0,ready to move,apartment,30000000,3.34E+07,-3405168
1605,2,1,under construction,apartment,15500000,2.56E+07,-10120340
2945,3,1,under construction,apartment,55000000,5.34E+07,1559892
2800,4,1,under construction,apartment,36400000,6.25E+07,-26128196
7452,5,1,under construction,apartment,122900000,1.48E+08,-24799984
2452,3,0,ready to move,apartment,39200000,3.57E+07,3495884
1596,3,0,ready to move,apartment,7054000,2.89E+07,-21867784
3800,4,1,under construction,apartment,76900000,6.91E+07,7780400
179,0,1,new,plot,14400000,9.62E+06,4784974
1188,0,0,new,plot,17100000,1.87E+07,-1634438
3300,4,0,ready to move,apartment,27500000,6.10E+07,-33477372
2090,3,1,under construction,apartment,30800000,3.65E+07,-5686236
2438,3,0,ready to move,apartment,52400000,3.56E+07,16834552
2700,2,0,resale,plot,81000000,5.60E+07,25030780
2343,3,0,ready to move,apartment,46500000,3.46E+07,11875504
1967,3,1,under construction,apartment,39300000,3.50E+07,4267476
2134,3,0,ready to move,apartment,17200000,3.28E+07,-15618494
2145,3,0,ready to move,apartment,40800000,3.29E+07,7901838
1630,2,0,ready to move,apartment,34200000,2.55E+07,8706924
400,1,0,ready to move,apartment,1600000,1.06E+07,-8992784
2567,3,0,ready to move,apartment,45000000,3.69E+07,8077376
959,2,1,under construction,apartment,13400000,1.94E+07,-6030706
2450,4,0,ready to move,apartment,32500000,4.11E+07,-8558492
3051,3,1,under construction,apartment,50300000,5.48E+07,-4514488
1423,3,1,under construction,apartment,10200000,2.95E+07,-19308116
1450,3,1,under construction,apartment,11900000,2.98E+07,-17877260
2213,3,0,ready to move,apartment,23900000,3.34E+07,-9490684
1823,2,0,ready to move,apartment,15200000,2.69E+07,-11678028
4480,4,0,ready to move,apartment,98500000,7.46E+07,23909328
2822,4,1,under construction,apartment,120500000,6.26E+07,57869520
2844,4,0,ready to move,plot,32500000,3.42E+07,-1694680
3192,4,0,ready to move,apartment,51000000,5.86E+07,-7619768
6300,8,0,ready to move,plot,45500000,6.95E+07,-24038192
1350,95,0,new,plot,15000000,4.79E+07,-32863764
3043,3,0,ready to move,apartment,66900000,5.14E+07,15498848
2800,4,1,under construction,apartment,36400000,6.25E+07,-26128196
6500,5,0,ready to move,floor,60000000,9.37E+07,-33738592
1336,3,1,under construction,apartment,27200000,2.86E+07,-1440868
1902,3,1,under construction,apartment,28000000,3.43E+07,-6294680
1975,3,1,under construction,apartment,39500000,3.51E+07,4375184
1380,3,0,ready to move,floor,13800000,2.09E+07,-7092040
1069,3,1,under construction,apartment,8015000,2.60E+07,-17964320
2376,3,1,under construction,apartment,38000000,4.36E+07,-5621972
2660,3,0,ready to move,apartment,29900000,3.99E+07,-10023236
1021,1,1,under construction,apartment,13600000,1.49E+07,-1330310
4500,4,0,ready to move,plot,30900000,5.22E+07,-21286472
900,0,0,new,plot,650000,1.63E+07,-15624058
2200,3,1,under construction,apartment,28600000,3.95E+07,-10868208
2308,4,0,ready to move,apartment,20000000,3.76E+07,-17611828
2025,3,0,ready to move,apartment,21500000,3.20E+07,-10529002
2999,4,0,ready to move,floor,25000000,3.73E+07,-12265212
1550,2,0,ready to move,apartment,15000000,2.49E+07,-9896464
645,3,1,under construction,apartment,2579000,2.19E+07,-19284994
4486,4,0,ready to move,villa,75700000,8.08E+07,-5105216
1370,3,0,ready to move,apartment,27600000,2.73E+07,315124
2720,4,0,ready to move,plot,37500000,3.36E+07,3909380
2446,4,1,under construction,apartment,42000000,6.07E+07,-18700536
3000,4,0,ready to move,plot,27000000,3.49E+07,-7898640
1400,2,0,ready to move,apartment,18800000,2.36E+07,-4813422
1350,2,0,ready to move,apartment,5200000,2.32E+07,-17986162
2352,4,0,ready to move,apartment,17200000,3.85E+07,-21323264
2300,3,0,ready to move,apartment,41500000,3.42E+07,7301408
600,2,0,ready to move,apartment,3500000,1.66E+07,-13103794
2085,3,1,under construction,apartment,20200000,3.64E+07,-16207120
786,0,1,new,plot,21400000,1.49E+07,6486200
1935,3,0,ready to move,plot,28000000,2.64E+07,1641488
6525,5,0,ready to move,apartment,47000000,1.20E+08,-73023528
2150,3,0,ready to move,apartment,16900000,3.29E+07,-16034372
2264,4,0,ready to move,apartment,22000000,3.72E+07,-15158844
1920,3,0,ready to move,apartment,11500000,3.13E+07,-19768500
3638,4,0,ready to move,apartment,55000000,6.67E+07,-11737464
13143,6,0,ready to move,apartment,976800000,3.49E+08,627722944
900,0,0,new,plot,11700000,1.63E+07,-4574058
645,3,1,under construction,apartment,2322000,2.19E+07,-19541994
2892,3,1,under construction,apartment,123500000,5.27E+07,70842600
4500,4,0,ready to move,apartment,72900000,7.47E+07,-1814864
2588,3,0,ready to move,apartment,46000000,3.75E+07,8465328
1751,4,1,under construction,apartment,65500000,4.75E+07,18024640
4221,0,0,resale,plot,60000000,7.07E+07,-10730736
6838,5,1,under construction,apartment,112800000,1.34E+08,-20808136
2122,4,0,ready to move,apartment,21200000,3.57E+07,-14540592
2800,4,1,under construction,apartment,36400000,6.25E+07,-26128196
508,2,1,under construction,apartment,2081000,1.52E+07,-13141112
1040,2,0,ready to move,floor,10000000,1.40E+07,-3965866
2400,3,1,under construction,apartment,31200000,4.41E+07,-12909804
1465,2,1,under construction,apartment,11800000,2.43E+07,-12477444
2033,3,0,ready to move,plot,25000000,2.70E+07,-1973752
940,2,0,ready to move,floor,9870000,1.31E+07,-3202010
5575,4,0,ready to move,apartment,263100000,9.26E+07,170481248
2945,3,1,under construction,apartment,56500000,5.34E+07,3059892
760,1,0,ready to move,apartment,6000000,1.36E+07,-7595344
3243,4,1,under construction,apartment,60100000,6.46E+07,-4487876
1359,3,0,ready to move,apartment,18300000,2.72E+07,-8905206
3100,4,0,ready to move,plot,22600000,3.53E+07,-12704840
2200,4,0,ready to move,apartment,24400000,3.65E+07,-12099964
2001,3,0,ready to move,apartment,21000000,3.19E+07,-10855178
2350,3,1,under construction,apartment,26400000,4.31E+07,-16693488
3063,3,0,ready to move,apartment,67300000,5.18E+07,15493348
3115,4,0,ready to move,floor,21500000,3.81E+07,-16625360
1534,2,0,ready to move,apartment,6750000,2.48E+07,-18009052
2500,3,0,ready to move,villa,20000000,4.35E+07,-23516860
1099,2,0,ready to move,apartment,14800000,2.10E+07,-6200448
4054,4,1,under construction,apartment,75200000,7.25E+07,2742712
2300,4,0,ready to move,apartment,29900000,3.75E+07,-7629468
1976,3,1,under construction,apartment,39500000,3.51E+07,4363648
1942,3,0,ready to move,apartment,22000000,3.14E+07,-9427844
1620,0,0,new,plot,11600000,2.24E+07,-10825004
4320,4,0,ready to move,floor,50000000,5.43E+07,-4282664
2295,3,0,ready to move,apartment,36900000,3.41E+07,2750940
1200,2,1,under construction,apartment,19800000,2.17E+07,-1936714
1469,4,1,under construction,apartment,55000000,3.89E+07,16080668
5643,0,0,new,plot,81100000,9.15E+07,-10394120
1689,3,0,ready to move,apartment,20000000,2.96E+07,-9595372
8000,6,0,ready to move,villa,62400000,1.21E+08,-59017424
1689,3,0,ready to move,apartment,18100000,2.96E+07,-11495372
2280,3,1,under construction,apartment,41900000,4.16E+07,263084
1985,2,0,ready to move,apartment,55500000,2.80E+07,27454082
2600,4,0,ready to move,apartment,21000000,4.49E+07,-23927016
1566,3,1,under construction,apartment,18000000,3.09E+07,-12933590
1159,3,0,ready to move,apartment,16200000,2.56E+07,-9420006
981,2,1,under construction,apartment,12700000,1.96E+07,-6937014
1550,3,0,ready to move,floor,34800000,2.23E+07,12495650
4140,4,1,under construction,apartment,45500000,7.37E+07,-28240816
2503,3,1,under construction,apartment,22000000,4.62E+07,-24203428
2003,3,0,ready to move,apartment,55700000,3.19E+07,23830338
3529,4,0,ready to move,apartment,134000000,6.52E+07,68838248
2503,3,1,under construction,apartment,50000000,4.62E+07,3796572
2599,4,0,ready to move,apartment,31700000,4.49E+07,-13201232
1590,2,0,ready to move,apartment,19000000,2.52E+07,-6209522
4518,0,0,resale,plot,75000000,7.42E+07,798024
3200,4,0,ready to move,apartment,56000000,5.88E+07,-2794928
1981,4,1,under construction,apartment,35600000,5.47E+07,-19111640
1898,3,0,ready to move,apartment,20400000,3.11E+07,-10709158
3600,0,0,new,plot,56000000,4.14E+07,14640004
746,2,1,under construction,apartment,8331000,1.74E+07,-9112052
1800,3,1,under construction,apartment,24500000,3.33E+07,-8770918
2411,3,0,ready to move,apartment,38500000,3.53E+07,3201984
561,2,1,under construction,apartment,2286000,1.57E+07,-13430690
3015,0,0,resale,plot,55500000,4.73E+07,8221580
1549,3,1,under construction,floor,22000000,2.14E+07,631236
6965,4,0,ready to move,floor,42900000,1.04E+08,-61189736
1993,3,1,under construction,apartment,44000000,3.53E+07,8667544
3153,3,0,ready to move,villa,36800000,5.64E+07,-19573812
3850,3,0,ready to move,apartment,84700000,6.88E+07,15907664
2107,3,1,under construction,apartment,34700000,3.69E+07,-2247088
1800,3,1,under construction,apartment,28800000,3.33E+07,-4470918
2500,4,0,ready to move,apartment,45000000,4.23E+07,2652000
1590,3,0,ready to move,apartment,22500000,2.89E+07,-6378328
2285,3,0,ready to move,apartment,18000000,3.41E+07,-16050016
1527,3,0,ready to move,apartment,15600000,2.84E+07,-12822018
1138,2,1,under construction,apartment,12200000,2.11E+07,-8942274
4500,4,0,ready to move,floor,42500000,5.71E+07,-14583992
6525,5,0,ready to move,apartment,55400000,1.20E+08,-64623528
2398,3,0,ready to move,apartment,21900000,3.52E+07,-13269260
2553,4,1,under construction,apartment,21000000,6.14E+07,-40379784
1828,3,1,under construction,apartment,27300000,3.36E+07,-6251946
1700,2,0,ready to move,apartment,17000000,2.60E+07,-8991288
1605,2,1,under construction,apartment,15500000,2.56E+07,-10120340
1224,0,0,resale,plot,9400000,3.04E+07,-20998880
2650,3,0,ready to move,apartment,79300000,3.96E+07,39708524
1593,3,1,under construction,apartment,18000000,3.12E+07,-13202736
2090,3,1,under construction,apartment,29200000,3.65E+07,-7286236
1219,2,0,ready to move,apartment,9752000,2.21E+07,-12305778
1385,2,0,ready to move,apartment,13500000,2.35E+07,-9985248
1017,3,0,ready to move,apartment,11000000,2.44E+07,-13371244
1665,0,0,new,plot,40800000,2.28E+07,17990568
1525,2,1,under construction,apartment,18300000,2.49E+07,-6552816
1385,3,0,ready to move,floor,14000000,2.09E+07,-6933578
1156,0,0,new,plot,9629000,1.85E+07,-8832058
900,2,0,ready to move,plot,5000000,1.73E+07,-12278672
3469,3,0,ready to move,apartment,37800000,6.09E+07,-23114904
1997,3,0,ready to move,apartment,21500000,3.18E+07,-10326210
1089,3,0,ready to move,apartment,23900000,2.50E+07,-1104416
2812,4,0,ready to move,apartment,21000000,5.02E+07,-29245280
1632,3,0,ready to move,apartment,39900000,2.92E+07,10717476
2361,3,0,ready to move,apartment,12800000,3.48E+07,-22002776
1829,3,0,ready to move,apartment,36900000,3.06E+07,6290612
5000,5,0,ready to move,penthouse,23400000,5.80E+07,-34552712
1346,2,0,ready to move,apartment,29400000,2.32E+07,6248016
3850,4,0,ready to move,apartment,72800000,6.95E+07,3306976
2565,0,0,new,plot,57700000,3.05E+07,27201900
1190,3,1,under construction,apartment,16600000,2.72E+07,-10585492
1503,2,0,ready to move,apartment,9200000,2.45E+07,-15293550
2600,3,1,under construction,apartment,42900000,4.82E+07,-5257588
2450,4,0,ready to move,apartment,30000000,4.11E+07,-11058492
4503,5,1,under construction,apartment,192400000,9.03E+07,102128024
11505,5,0,ready to move,apartment,253100000,3.18E+08,-64403680
2072,3,0,ready to move,apartment,39000000,3.24E+07,6630576
1500,3,0,ready to move,apartment,17500000,2.82E+07,-10726460
4500,1,0,resale,plot,50000000,7.74E+07,-27384256
4500,4,0,ready to move,floor,70000000,5.71E+07,12916008
1850,3,1,under construction,apartment,21200000,3.38E+07,-12572760
3850,4,0,under construction,plot,48200000,4.44E+07,3757676
900,0,0,new,plot,2000000,1.63E+07,-14274058
2800,4,0,ready to move,plot,17500000,3.40E+07,-16480336
2390,4,1,under construction,apartment,26800000,6.03E+07,-33474728
1800,3,0,ready to move,apartment,22500000,3.04E+07,-7899344
1274,3,0,ready to move,apartment,12000000,2.66E+07,-14589552
2305,4,1,under construction,apartment,32100000,5.96E+07,-27528436
1841,4,1,under construction,apartment,39200000,5.05E+07,-11310168
3850,4,0,ready to move,apartment,72800000,6.95E+07,3306960
1264,2,1,under construction,apartment,7099000,2.24E+07,-15251316
2780,3,1,under construction,apartment,37900000,5.10E+07,-13103400
3185,4,0,ready to move,apartment,31000000,5.85E+07,-27466504
3440,3,0,ready to move,apartment,23900000,6.01E+07,-36222560
6805,6,0,ready to move,apartment,128700000,1.20E+08,8519808
2549,3,1,under construction,apartment,54200000,4.72E+07,6959032
360,0,0,new,plot,385000,1.17E+07,-11275864
1260,6,0,resale,plot,11000000,4.47E+07,-33714324
11224,5,0,ready to move,apartment,246900000,3.06E+08,-59543104
1400,3,0,ready to move,plot,7195000,2.30E+07,-15815780
1550,2,0,ready to move,apartment,11300000,2.49E+07,-13596464
1620,0,0,new,plot,21200000,2.24E+07,-1225004
3188,4,0,ready to move,apartment,34300000,5.85E+07,-24232192
1359,2,1,under construction,apartment,8980000,2.33E+07,-14281156
1731,4,1,under construction,apartment,68400000,4.68E+07,21605160
3150,4,0,ready to move,plot,24000000,3.55E+07,-11508832
2602,3,1,under construction,apartment,36500000,4.82E+07,-11692272
1500,3,1,under construction,apartment,24700000,3.03E+07,-5575680
3200,4,0,ready to move,apartment,33600000,5.88E+07,-25194928
3684,4,1,under construction,apartment,157400000,6.77E+07,89727768
1986,3,0,ready to move,apartment,24500000,3.17E+07,-7246524
1889,3,0,ready to move,apartment,22000000,3.10E+07,-9043968
5160,4,0,ready to move,apartment,113500000,8.15E+07,31968416
3451,4,1,under construction,apartment,73500000,6.56E+07,7945048
3355,4,0,ready to move,apartment,63500000,6.21E+07,1424440
1111,3,0,ready to move,apartment,30900000,2.52E+07,5702104
2300,4,0,ready to move,apartment,25500000,3.75E+07,-12029468
3395,4,1,under construction,apartment,58300000,6.53E+07,-6994584
2200,4,0,ready to move,plot,17500000,3.06E+07,-13082070
1000,2,0,ready to move,plot,9000000,1.80E+07,-9023668
2100,3,0,ready to move,floor,16000000,2.69E+07,-10873584
1935,3,0,ready to move,floor,16500000,2.55E+07,-9002822
3125,4,1,under construction,apartment,70300000,6.40E+07,6260752
368,1,1,under construction,apartment,1284000,8.88E+06,-7595658
1261,3,1,under construction,apartment,19500000,2.79E+07,-8393244
1632,2,0,ready to move,apartment,34200000,2.55E+07,8692746
2685,4,0,ready to move,apartment,38900000,4.71E+07,-8219192
1352,3,1,under construction,apartment,22300000,2.88E+07,-6500364
4500,4,0,under construction,plot,41500000,5.10E+07,-9549924
1884,3,1,under construction,apartment,11400000,3.41E+07,-22714016
2821,3,0,ready to move,apartment,45100000,4.53E+07,-164300
1528,3,1,under construction,apartment,18300000,3.06E+07,-12254800
1593,3,1,under construction,apartment,23000000,3.12E+07,-8202736
2418,3,0,ready to move,plot,14000000,2.94E+07,-15390764
2295,3,0,ready to move,apartment,37800000,3.41E+07,3650940
1180,3,0,ready to move,apartment,12100000,2.58E+07,-13704686
3452,3,0,ready to move,apartment,75900000,6.05E+07,15449572
1163,114,1,new,plot,38700000,4.87E+07,-9979972
2779,4,0,ready to move,apartment,18000000,4.95E+07,-31486916
1190,3,1,under construction,floor,7900000,1.81E+07,-10215706
2350,3,1,under construction,apartment,26400000,4.31E+07,-16693488
3525,3,0,ready to move,apartment,107900000,6.24E+07,45455052
2050,3,0,ready to move,apartment,23000000,3.22E+07,-9210086
310,1,1,under construction,apartment,1240000,8.34E+06,-7100544
768,2,1,under construction,apartment,2600000,1.76E+07,-15048354
4010,3,0,ready to move,apartment,88200000,7.03E+07,17938704
7200,0,0,new,plot,69500000,1.30E+08,-60501520
2812,4,0,ready to move,apartment,52500000,5.02E+07,2254720
3240,4,0,ready to move,plot,26500000,3.60E+07,-9471116
2750,4,1,under construction,apartment,48100000,6.23E+07,-14195724
1105,2,1,under construction,apartment,9300000,2.08E+07,-11525888
1138,2,1,under construction,apartment,13700000,2.11E+07,-7442274
1200,4,1,under construction,apartment,25500000,3.49E+07,-9353244
2470,3,0,ready to move,apartment,45000000,3.59E+07,9117604
4518,5,0,ready to move,floor,33000000,5.98E+07,-26773304
1845,3,1,under construction,apartment,25700000,3.37E+07,-8022576
1975,4,0,ready to move,floor,34000000,2.88E+07,5206676
1811,3,0,ready to move,apartment,25600000,3.05E+07,-4879016
2249,4,1,under construction,apartment,494700000,5.92E+07,435540864
2275,5,1,under construction,apartment,37500000,6.33E+07,-25799304
4279,4,0,ready to move,apartment,94100000,7.32E+07,20881384
2290,3,1,under construction,apartment,31000000,4.19E+07,-10873896
1935,3,0,ready to move,apartment,8900000,3.14E+07,-22477140
2597,4,1,under construction,apartment,34100000,6.16E+07,-27484364
3802,5,1,under construction,apartment,62700000,7.72E+07,-14474512
4927,4,1,under construction,apartment,91400000,9.24E+07,-1037960
2122,3,0,ready to move,apartment,16200000,3.27E+07,-16531576
2086,3,0,ready to move,apartment,23700000,3.25E+07,-8770828
2700,4,0,ready to move,floor,23500000,3.49E+07,-11423272
1750,3,0,ready to move,plot,28000000,2.52E+07,2802920
2700,7,0,ready to move,plot,35000000,3.81E+07,-3130864
3243,4,1,under construction,apartment,60100000,6.46E+07,-4487876
4845,4,0,ready to move,apartment,106500000,7.74E+07,29103248
10000,6,0,ready to move,penthouse,390000000,1.63E+08,227467328
2600,3,1,under construction,apartment,29000000,4.82E+07,-19157588
3230,4,1,under construction,apartment,72600000,6.45E+07,8072564
1310,2,1,under construction,apartment,18300000,2.28E+07,-4491354
2250,0,0,new,plot,15300000,2.78E+07,-12507064
1828,3,0,ready to move,apartment,28500000,3.06E+07,-2102144
1128,3,1,under construction,apartment,11100000,2.66E+07,-15467448
2874,3,1,under construction,apartment,122800000,5.24E+07,70408420
2475,4,0,ready to move,plot,26500000,3.23E+07,-5822400
1233,0,0,new,plot,16100000,1.91E+07,-3018866
2350,3,1,under construction,apartment,26400000,4.31E+07,-16693488
2200,3,0,ready to move,plot,23000000,2.80E+07,-5022166
2800,3,1,under construction,apartment,46200000,5.13E+07,-5098752
2100,3,0,under construction,plot,39000000,3.03E+07,8677944
1765,4,1,under construction,apartment,47700000,4.79E+07,-247440
1076,3,0,ready to move,apartment,11100000,2.49E+07,-13790092
3090,3,0,ready to move,apartment,57100000,5.24E+07,4745912
1125,0,1,new,plot,10600000,1.69E+07,-6327360
2160,3,0,ready to move,plot,22200000,2.78E+07,-5571048
1593,3,1,under construction,floor,22500000,2.18E+07,732538
3060,4,0,ready to move,apartment,26800000,5.56E+07,-28820172
3695,4,1,under construction,apartment,60900000,6.78E+07,-6909480
2800,4,0,ready to move,apartment,63200000,5.00E+07,13230492
4000,4,0,ready to move,apartment,40000000,7.10E+07,-31021104
600,0,0,resale,plot,5000000,2.48E+07,-19822660
3968,3,0,ready to move,apartment,87200000,6.99E+07,17313328
2700,3,0,ready to move,apartment,25000000,4.13E+07,-16250204
2600,4,0,ready to move,plot,38000000,3.30E+07,4993954
1806,3,1,under construction,apartment,36600000,3.33E+07,3268860
1000,3,0,ready to move,plot,3800000,2.06E+07,-16764946
645,3,1,under construction,apartment,2627000,2.19E+07,-19236994
2450,4,0,ready to move,apartment,21000000,4.11E+07,-20058492
2606,3,0,ready to move,apartment,41600000,3.81E+07,3468188
2045,3,0,ready to move,apartment,33000000,3.22E+07,826128
1171,2,1,under construction,apartment,14000000,2.15E+07,-7458672
1545,3,1,under construction,apartment,22000000,3.07E+07,-8724256
8568,5,0,ready to move,villa,87500000,1.28E+08,-40887176
1374,3,1,under construction,apartment,28000000,2.90E+07,-1019668
1650,3,0,ready to move,apartment,17800000,2.93E+07,-11512908
1457,2,1,under construction,apartment,7500000,2.42E+07,-16700744
2600,4,0,ready to move,apartment,36400000,4.49E+07,-8527016
2025,3,1,under construction,apartment,12300000,3.57E+07,-23406580
1995,3,0,ready to move,apartment,11000000,3.18E+07,-20811720